index,sentiment,gpt_Rating,reliability,utility,driving,comfort,interior,fuel_efficiency,technology
62,positive,5,1,0,1,1,0,1,0
183,negative,1,1,0,0,0,0,0,0
230,neutral,3,0,1,1,1,1,1,0
251,negative,1,0,1,0,0,1,0,1
281,positive,5,0,1,0,1,0,1,0
308,positive,5,0,1,0,1,1,1,0
312,positive,4,0,0,1,0,1,1,1
340,positive,5,0,0,1,1,1,1,0
396,negative,1,1,0,0,0,0,0,0
454,negative,1,1,0,0,0,0,0,1
475,positive,4,0,0,1,1,1,0,1
477,negative,2,0,0,0,0,1,0,0
609,positive,5,1,1,0,0,0,0,0
642,positive,4,0,0,1,0,0,1,0
650,positive,5,0,0,1,1,1,1,1
670,positive,4,0,0,1,0,1,1,1
698,negative,1,1,0,1,0,0,1,1
713,negative,1,1,0,0,0,0,0,1
727,negative,1,1,0,0,0,0,0,0
731,negative,1,1,0,1,0,0,0,1
782,positive,4,1,0,1,1,1,1,0
788,positive,5,1,0,0,0,1,1,0
802,positive,5,0,0,1,0,0,0,0
824,positive,4,1,0,1,0,1,0,1
880,negative,2,1,0,1,1,1,0,1
923,positive,5,0,0,1,0,1,0,1
966,positive,5,0,0,1,0,0,0,0
1008,positive,4,1,0,0,0,0,0,0
1038,positive,4,0,0,1,0,1,0,0
1066,positive,5,1,1,1,0,0,1,0
1082,positive,4,1,0,0,0,0,1,0
1158,positive,5,1,1,1,0,0,1,0
1192,positive,5,1,1,0,0,0,0,0
1232,positive,5,1,1,1,1,1,1,0
1235,positive,4,1,0,1,0,0,1,0
1350,positive,4,0,0,1,0,0,0,0
1374,positive,4,1,0,1,1,1,1,1
1385,positive,4,1,0,1,1,0,1,0
1402,positive,4,1,0,1,0,0,0,0
1403,neutral,3,1,1,1,1,1,0,0
1440,positive,4,1,0,1,0,1,1,0
1462,positive,5,1,0,1,0,1,1,1
1488,positive,5,1,0,1,0,0,0,0
1494,positive,5,0,0,1,0,0,0,0
1590,positive,4,1,1,0,1,0,0,0
1617,negative,1,1,0,0,0,0,0,0
1628,positive,5,0,1,0,1,0,0,0
1633,positive,5,1,1,1,0,1,0,0
1641,positive,5,1,0,0,0,0,0,0
1686,positive,5,1,0,0,0,0,0,0
1697,negative,1,1,0,0,0,0,0,0
1756,negative,1,1,0,0,0,0,0,0
1767,positive,4,1,1,1,0,0,1,0
1797,negative,1,1,1,0,1,0,1,0
1803,positive,5,1,0,1,0,0,0,0
1840,negative,1,1,0,0,0,0,0,0
1850,negative,1,1,1,1,1,1,0,1
1862,negative,1,1,1,0,1,0,1,0
1877,positive,4,1,1,1,1,1,1,0
1883,positive,5,1,1,1,1,1,1,0
1933,positive,5,1,1,0,1,1,0,0
1976,positive,4,1,1,0,1,1,0,0
1988,neutral,3,0,0,1,1,1,0,0
2097,positive,5,1,0,1,0,0,0,0
2111,positive,4,1,0,1,1,0,1,0
2183,positive,5,0,0,1,1,0,0,0
2221,positive,4,1,0,1,1,1,0,0
2222,negative,1,0,0,0,0,0,1,0
2286,positive,4,1,0,1,0,0,0,0
2319,positive,4,1,1,1,1,1,1,1
2324,negative,1,1,0,1,0,1,0,0
2485,positive,4,1,0,1,1,0,1,0
2544,positive,5,1,0,1,1,1,1,0
2587,positive,4,0,0,1,0,1,1,0
2622,positive,4,0,0,1,1,1,0,0
2629,positive,4,1,0,1,1,1,0,0
2723,positive,4,1,0,1,0,0,1,0
2733,negative,2,0,0,1,0,0,0,0
2752,positive,5,1,0,1,1,0,0,0
2778,positive,5,1,1,1,0,0,1,0
2841,positive,5,1,0,1,0,0,1,0
2851,positive,4,1,1,1,0,0,0,0
2881,positive,5,1,0,1,0,0,1,0
2902,positive,5,0,0,1,0,0,0,0
2908,positive,5,0,0,1,0,0,0,0
2933,positive,5,1,1,1,0,0,1,0
2936,positive,5,1,1,1,1,1,1,0
2983,negative,1,0,0,0,0,0,0,0
2994,negative,1,1,0,0,0,0,0,0
3087,positive,4,0,1,1,1,1,0,1
3166,positive,4,0,1,1,1,1,0,1
3224,negative,1,1,0,0,0,0,0,0
3267,positive,4,1,1,1,1,1,1,1
3325,positive,5,0,0,1,1,1,0,0
3370,negative,1,1,1,1,0,0,0,0
3388,positive,4,0,1,1,1,1,1,0
3412,positive,5,0,1,1,1,1,1,0
3446,positive,4,1,1,1,1,1,0,0
3455,positive,4,1,1,1,1,1,0,0
3485,neutral,3,1,1,1,1,1,0,0
3552,positive,5,0,0,1,0,0,1,1
3593,positive,5,1,0,1,0,0,0,0
3609,neutral,3,0,1,1,0,0,1,0
3643,positive,5,0,0,1,0,0,0,0
3644,positive,4,0,0,1,0,0,1,0
3710,positive,5,0,0,1,1,1,0,0
3754,positive,5,0,1,0,1,0,0,0
3793,negative,2,1,0,0,0,0,0,0
3850,positive,5,0,0,1,1,1,1,0
3906,neutral,3,0,0,1,0,0,1,0
3912,positive,5,1,1,1,1,1,0,0
3942,positive,4,1,0,1,0,0,1,0
3986,positive,5,0,1,1,1,1,1,1
4040,positive,5,0,0,0,0,0,0,0
4068,positive,4,0,1,1,0,1,1,1
4081,negative,1,1,0,0,0,0,1,0
4099,positive,4,1,1,0,0,0,1,0
4121,positive,4,1,1,1,0,0,1,0
4133,negative,1,1,0,0,0,0,1,0
4157,positive,5,1,1,1,1,1,0,0
4171,negative,1,0,0,1,1,1,0,0
4182,positive,5,0,0,1,1,0,1,0
4188,positive,5,0,0,1,1,1,0,0
4208,positive,4,0,1,1,1,1,1,0
4210,positive,5,0,1,1,1,1,1,0
4255,positive,5,1,0,1,1,1,1,0
4257,positive,5,0,1,1,1,1,0,0
4276,positive,5,1,1,1,1,1,1,0
4292,positive,5,0,0,1,0,0,1,0
4320,positive,5,0,1,1,0,0,1,0
4329,negative,1,1,0,0,0,0,0,0
4333,positive,5,1,0,1,0,0,1,0
4417,positive,4,1,1,1,0,1,1,1
4435,positive,5,0,0,0,0,0,0,0
4438,negative,1,1,0,0,0,0,0,0
4532,negative,1,1,0,0,1,1,1,0
4588,positive,5,0,1,1,0,0,0,0
4616,positive,4,1,0,1,1,1,0,0
4622,positive,5,1,0,1,1,1,1,1
4630,positive,4,0,0,1,1,0,0,0
4632,positive,5,1,1,1,1,0,1,0
4639,negative,1,1,0,1,0,1,1,0
4668,positive,5,1,1,1,1,1,1,0
4748,negative,2,0,0,1,0,0,0,0
4751,positive,5,1,1,1,1,1,0,0
4755,positive,4,1,0,0,0,0,0,0
4759,positive,5,1,1,1,0,0,1,0
4863,positive,4,1,0,1,1,0,1,0
4880,negative,1,1,0,0,0,0,0,0
4932,positive,4,0,0,1,0,0,1,0
4941,negative,1,1,0,0,0,0,0,0
4943,negative,1,1,0,0,0,0,1,0
4950,positive,5,1,0,1,0,0,0,0
5009,positive,4,0,0,1,0,1,0,0
5017,positive,4,1,1,1,0,0,1,0
5041,positive,4,1,1,1,1,1,0,0
5054,positive,5,1,0,1,1,1,0,0
5076,positive,5,1,1,1,1,0,0,0
5092,positive,5,0,0,0,0,0,0,0
5093,positive,5,1,1,1,1,0,0,0
5193,negative,1,1,0,0,0,0,0,0
5241,positive,4,1,0,1,0,0,1,0
5248,negative,1,0,0,1,0,1,1,0
5251,positive,5,1,0,0,0,0,0,0
5268,negative,2,1,0,0,0,0,1,0
5273,positive,4,0,0,1,0,0,1,0
5325,positive,5,1,0,1,1,1,0,0
5333,positive,4,0,0,1,1,0,0,0
5371,positive,4,1,0,1,1,1,1,0
5388,positive,5,0,1,1,1,0,1,0
5507,negative,1,0,0,0,0,0,0,0
5512,neutral,3,1,0,1,1,1,0,0
5618,neutral,3,1,0,1,1,1,0,0
5624,negative,1,1,1,1,0,1,1,0
5670,positive,4,1,0,1,0,0,1,0
5697,positive,4,0,1,1,0,0,1,0
5706,negative,1,1,0,0,0,0,0,0
5713,negative,1,0,0,1,0,0,0,0
5725,negative,1,1,0,0,0,0,1,0
5726,positive,5,1,0,1,1,1,0,0
5730,positive,4,1,0,0,0,0,0,0
5735,positive,5,1,1,1,0,0,0,0
5750,positive,5,0,0,1,0,0,0,0
5767,positive,4,1,1,1,1,0,0,0
5778,positive,4,1,0,1,0,0,0,0
5799,positive,4,1,0,1,1,1,0,0
5812,negative,1,1,0,0,0,0,0,0
5846,positive,5,1,1,1,1,1,0,0
5857,positive,4.5,1,0,0,1,1,0,0
5893,positive,4,1,1,1,1,1,0,0
5897,positive,5,1,0,0,1,0,0,0
5902,negative,1,1,0,0,0,0,0,0
5943,positive,4,0,1,1,1,1,0,1
5969,positive,5,1,1,1,1,1,0,0
5973,neutral,3,1,1,1,1,0,0,0
5994,positive,4,1,0,1,1,1,1,0
6010,positive,5,1,1,1,1,1,1,0
6034,positive,5,1,1,1,1,1,1,0
6052,positive,5,1,1,1,1,1,1,0
6084,positive,5,0,0,0,0,0,0,0
6085,positive,4,1,0,0,1,1,0,0
6123,neutral,3,0,0,0,0,0,1,0
6162,positive,5,0,1,1,1,0,1,0
6166,positive,5,0,1,1,1,1,1,0
6229,negative,1,1,1,1,1,0,0,0
6246,positive,5,1,1,1,1,1,1,1
6252,positive,4,0,1,1,0,1,0,1
6278,positive,5,0,0,0,1,0,0,0
6301,negative,1,1,1,0,1,1,0,0
6312,negative,1,1,0,0,0,0,0,0
6315,negative,1,1,0,0,0,0,0,0
6319,negative,1,1,0,1,0,1,1,0
6335,negative,1,1,0,0,0,0,0,1
6398,positive,5,1,1,0,0,0,0,0
6409,positive,5,1,1,1,0,0,1,1
6444,positive,4,1,0,0,0,0,1,0
6513,positive,4,1,1,1,1,0,1,1
6546,neutral,3,0,0,0,0,0,0,0
6572,positive,4,1,0,0,0,0,0,0
6573,positive,5,1,1,1,1,1,1,1
6586,negative,1,1,0,0,0,0,0,0
6612,positive,5,0,1,1,1,1,1,1
6675,negative,1,1,1,1,0,0,0,0
6701,positive,4,0,1,0,1,0,0,0
6752,positive,4,1,1,1,1,1,0,1
6782,neutral,3,0,0,1,0,1,0,0
6852,negative,1,1,0,0,0,1,0,0
6873,negative,1,1,0,0,0,1,0,0
6876,positive,5,1,0,1,0,0,1,0
6953,positive,4,0,0,1,0,0,1,0
7005,negative,1,1,0,0,0,0,0,0
7035,positive,4,0,0,1,1,1,0,0
7061,positive,4,0,0,1,1,1,0,0
7084,positive,4,1,0,1,1,1,0,0
7086,negative,1,1,0,1,0,0,0,0
7097,neutral,3,1,0,1,0,0,1,0
7136,positive,4,0,0,1,1,0,0,0
7137,negative,1,1,0,0,0,0,0,0
7204,positive,5,1,0,1,1,0,0,0
7210,positive,4,0,0,1,1,0,0,0
7219,positive,5,1,1,1,1,1,0,0
7230,negative,1,1,0,0,0,0,0,0
7268,positive,5,1,0,1,1,0,0,0
7336,positive,5,0,0,1,1,1,0,0
7352,positive,4,0,0,0,0,0,0,0
7467,positive,4,0,0,1,0,0,0,1
7470,positive,5,0,1,1,1,1,1,1
7504,positive,5,0,0,1,1,1,1,1
7551,positive,4,0,0,1,1,1,1,1
7576,positive,5,0,0,0,0,0,0,0
7626,positive,5,0,0,1,0,0,0,0
7631,positive,5,0,0,1,1,1,0,0
7678,positive,5,0,0,1,1,0,0,0
7735,positive,4,1,0,0,0,0,0,0
7748,positive,5,0,0,1,1,1,1,0
7775,positive,4.5,1,1,1,1,1,1,1
7807,negative,2,0,0,1,0,1,0,0
7820,positive,5,1,0,1,1,1,0,0
7860,positive,4,0,0,1,1,1,1,1
7869,positive,4,0,0,1,1,0,1,0
7897,positive,4,0,0,1,1,0,1,0
7913,negative,1,1,0,0,0,0,0,1
7961,positive,5,0,0,1,1,0,0,0
7970,positive,4,0,0,1,1,1,1,1
7978,neutral,3,0,0,1,0,1,1,0
8006,positive,4,1,0,1,1,1,0,0
8047,positive,5,0,0,1,1,1,0,0
8062,negative,1,0,0,0,0,0,0,0
8099,positive,5,0,0,1,1,1,0,1
8141,positive,5,1,0,1,1,1,1,1
8147,negative,1,1,0,0,0,1,0,0
8149,positive,5,0,0,1,0,0,0,0
8150,positive,5,0,0,1,1,1,0,0
8188,positive,5,0,0,1,1,1,1,0
8197,positive,5,0,0,1,1,1,1,0
8215,positive,4,0,0,1,1,1,1,1
8265,negative,2,0,0,0,0,0,1,0
8304,negative,1,1,0,0,0,0,0,0
8324,negative,1,1,0,0,0,0,0,0
8337,negative,1,1,0,0,0,0,0,0
8341,negative,1,1,0,0,0,0,0,0
8372,negative,0,1,0,0,0,0,0,0
8393,positive,4,0,0,1,1,1,1,0
8396,positive,5,0,1,0,1,1,1,1
8445,negative,1,1,0,1,1,1,1,0
8477,positive,4,0,1,1,1,1,1,1
8490,neutral,3,0,0,1,1,1,0,1
8546,positive,5,0,0,1,1,0,0,0
8565,negative,1,1,0,1,0,0,0,0
8580,positive,4.5,1,0,1,0,0,1,0
8600,neutral,3,0,0,1,0,0,1,0
8613,positive,4,0,0,1,0,0,0,0
8650,negative,1,1,0,0,0,0,0,0
8658,positive,5,1,0,1,0,0,0,0
8663,positive,5,1,0,0,0,0,0,0
8743,positive,5,1,0,1,1,0,0,0
8761,positive,4,1,0,1,1,1,0,0
8800,negative,1,0,0,1,0,1,0,1
8870,positive,5,0,0,1,1,1,0,0
8882,positive,4.5,1,0,1,0,1,1,0
8905,negative,1,0,0,0,0,1,0,0
8910,positive,5,0,1,1,1,0,1,0
8920,positive,5,1,0,1,0,0,0,0
8965,positive,5,0,0,1,0,0,0,0
8966,positive,4,0,0,1,0,0,0,0
8971,positive,4,1,0,1,1,1,1,0
8972,positive,4,0,0,0,0,0,0,0
8999,neutral,3,0,1,1,1,1,0,1
9012,positive,5,0,0,1,0,0,0,0
9020,negative,1,1,0,0,0,1,0,0
9046,positive,5,1,0,1,1,0,0,0
9120,positive,5,1,0,1,1,1,0,1
9142,positive,4,0,0,1,0,0,0,0
9146,positive,5,0,0,1,1,0,0,0
9163,negative,1,1,0,0,0,0,0,1
9196,negative,1,1,0,0,0,1,0,0
9226,positive,4,0,0,1,1,1,0,1
9263,positive,4,0,0,1,1,1,1,1
9266,positive,5,0,0,1,1,1,0,1
9269,negative,1,0,0,0,0,1,0,0
9300,positive,5,0,0,1,1,1,0,1
9319,positive,5,0,0,1,1,1,0,0
9410,negative,1,1,0,0,1,0,0,0
9418,positive,4,1,0,1,0,0,1,0
9428,negative,2,0,0,0,0,1,0,0
9475,positive,5,1,0,1,0,0,1,0
9532,positive,5,1,0,1,1,0,0,0
9533,positive,5,1,0,0,0,0,0,0
9542,positive,5,1,0,1,0,0,0,0
9582,positive,4,1,0,1,0,1,1,0
9585,positive,4,1,0,1,0,0,1,0
9615,positive,5,1,0,1,0,0,0,0
9628,positive,4,1,0,1,1,1,0,0
9642,negative,1,0,0,1,0,0,0,0
9658,positive,4,1,1,1,1,0,1,0
9759,neutral,3,0,0,1,0,0,1,0
9764,positive,4,1,0,1,0,0,1,0
9807,neutral,3,0,0,1,1,1,0,1
9824,neutral,3,0,0,0,0,0,0,1
9846,positive,5,1,0,1,0,0,1,0
9849,negative,2,0,1,1,1,1,1,0
9850,positive,4,0,0,1,0,1,1,0
9898,positive,5,1,0,1,1,1,0,1
9906,positive,5,1,0,1,1,1,1,0
9910,positive,4,1,0,1,1,1,1,1
9919,positive,4,1,0,1,1,1,1,1
9932,positive,5,0,0,1,0,0,0,0
9942,positive,5,1,1,1,1,0,1,0
10008,neutral,3,1,0,0,0,0,0,0
10009,positive,5,0,0,1,0,0,1,0
10030,positive,5,1,0,1,0,0,1,1
10065,positive,4,1,0,1,0,0,1,0
10097,positive,5,1,0,1,1,1,0,0
10175,positive,5,1,0,1,1,1,0,0
10201,negative,1,1,0,0,0,0,0,0
10233,positive,5,1,1,1,1,1,1,1
10275,positive,5,0,0,0,0,0,0,0
10281,positive,5,1,0,1,1,0,1,0
10287,positive,4,0,0,1,0,0,0,0
10301,positive,5,0,0,1,0,0,0,0
10310,positive,5,0,0,1,0,0,0,0
10333,positive,5,0,1,1,1,0,0,1
10365,positive,4,0,0,1,0,0,0,0
10381,positive,5,1,0,1,0,0,0,0
10389,positive,4,1,0,1,1,1,0,0
10407,positive,5,1,0,1,0,1,0,0
10477,positive,5,0,0,0,1,0,1,1
10521,positive,5,1,0,1,1,1,0,1
10593,positive,4,1,0,0,0,0,1,0
10614,positive,4,1,1,1,1,1,1,1
10627,positive,5,1,0,1,0,1,1,1
10645,positive,4.5,1,0,1,0,0,1,0
10700,positive,5,1,0,1,1,0,1,0
10701,positive,4,0,0,1,0,0,1,0
10724,positive,4,1,0,1,1,0,1,0
10757,positive,4,0,0,1,0,1,1,0
10761,positive,5,1,1,1,1,1,1,1
10767,positive,4.5,1,1,1,1,1,1,1
10797,positive,4.5,1,1,1,0,0,0,0
10849,positive,4,1,0,1,1,1,1,0
10890,neutral,3,0,0,0,0,0,0,0
10936,positive,5,0,0,1,1,1,0,0
10943,positive,5,0,0,1,0,0,0,0
10958,positive,4,1,0,1,0,1,1,1
10994,negative,1,1,0,0,0,0,0,0
11050,positive,4,1,1,1,1,1,1,0
11071,negative,1,1,0,0,0,0,0,0
11089,positive,4,0,1,1,0,1,1,0
11111,positive,4,0,0,1,1,1,1,1
11118,positive,5,0,0,1,0,0,0,0
11153,positive,4,1,1,1,0,0,1,0
11164,positive,4,1,1,1,1,1,1,1
11192,positive,4,1,0,1,1,0,1,0
11199,positive,4,1,1,1,1,1,1,1
11259,positive,5,1,0,1,0,0,1,0
11282,positive,5,1,0,1,1,0,1,0
11305,positive,5,1,1,1,1,1,1,1
11346,positive,4,1,1,1,1,1,1,1
11376,positive,4,1,0,1,0,0,1,0
11388,neutral,3,0,0,1,0,1,0,0
11443,neutral,3,0,1,1,0,1,1,0
11466,positive,5,0,0,1,0,0,1,0
11471,positive,4,0,0,1,0,0,0,0
11477,positive,4,0,0,1,1,1,1,1
11527,neutral,3,0,0,0,1,0,1,0
11529,negative,1,1,0,0,0,0,0,0
11557,negative,1,1,0,0,1,0,0,0
11598,positive,4,1,0,1,1,0,1,0
11605,positive,5,1,0,1,0,0,0,0
11635,negative,2,1,0,0,0,0,0,0
11644,positive,4,1,0,1,0,0,1,0
11656,negative,1,1,0,0,0,1,0,0
11662,positive,5,0,0,1,0,0,0,0
11701,negative,1,1,0,0,0,0,0,0
11713,positive,5,1,0,1,0,0,1,0
11780,negative,1,1,0,0,0,0,0,0
11789,negative,1,0,0,0,0,0,0,0
11799,negative,1,0,0,0,0,0,0,0
11812,negative,1,1,0,1,0,0,0,1
11828,positive,4,1,0,1,0,0,1,0
11851,positive,5,0,0,1,0,0,1,0
11856,positive,5,0,0,1,0,1,0,0
11908,positive,5,0,0,1,1,0,1,0
11910,positive,4,0,1,1,0,0,0,0
11925,neutral,3,0,1,0,0,0,1,0
11970,negative,1,0,0,0,0,0,1,1
12013,negative,1,1,0,0,0,0,1,0
12026,positive,5,0,0,1,1,0,0,0
12113,positive,5,0,0,1,1,1,0,1
12126,neutral,3,0,0,0,0,0,1,0
12130,positive,5,0,1,1,1,1,0,1
12171,positive,4.5,0,0,1,0,0,0,0
12176,positive,4,0,0,1,1,1,1,0
12198,negative,1,1,0,1,0,0,0,0
12219,negative,1,1,0,0,0,0,0,0
12244,negative,1,1,0,0,0,0,0,1
12257,negative,0,0,0,1,0,0,0,1
12274,positive,5,0,0,1,0,0,0,0
12276,negative,1,0,0,1,1,1,0,1
12339,positive,4,0,1,1,1,1,0,1
12344,positive,5,0,0,1,1,1,0,1
12368,negative,1,1,0,1,0,0,0,0
12417,positive,5,0,1,1,0,1,1,0
12439,negative,1,1,0,0,0,0,0,0
12474,positive,4,1,1,0,0,0,0,0
12486,positive,5,1,1,1,0,1,0,0
12549,negative,1,1,0,1,0,0,1,0
12643,negative,1,1,0,1,0,0,0,0
12651,positive,5,0,1,1,0,0,1,0
12655,negative,1,1,0,1,0,1,0,0
12660,neutral,3,1,0,1,1,1,0,0
12682,positive,5,1,0,1,0,0,0,0
12714,positive,5,1,1,1,1,1,1,0
12733,negative,2,0,0,0,0,1,0,1
12745,negative,1,0,0,0,0,0,0,0
12753,positive,4,0,0,1,1,1,1,1
12788,positive,4,0,1,1,1,1,1,1
12813,positive,4,1,0,1,1,0,1,0
12815,negative,1,0,0,0,1,1,0,0
12826,positive,4,1,1,1,1,1,1,0
12846,positive,4,1,1,1,1,1,1,0
12861,positive,5,1,1,1,1,1,1,1
12884,negative,1,0,0,0,0,0,0,1
12885,negative,1,1,0,1,0,0,0,0
12889,negative,1,1,0,1,0,0,0,0
12902,negative,1,1,0,0,0,0,0,0
12944,positive,4,0,0,1,0,1,1,1
12948,positive,4,1,0,1,1,1,1,1
12955,positive,5,1,0,1,0,0,1,0
13011,positive,4,1,0,1,0,0,1,0
13017,positive,4,1,1,1,1,1,1,0
13074,positive,5,1,0,1,1,1,1,0
13094,positive,4,1,0,1,1,0,0,0
13101,positive,4,0,1,1,0,0,1,0
13119,positive,5,1,0,1,0,1,1,0
13131,positive,4,1,0,1,1,1,1,0
13133,negative,0,0,0,0,0,0,0,0
13141,negative,2,1,0,0,1,0,1,0
13164,positive,4,1,0,1,1,1,1,1
13240,positive,5,1,1,1,1,1,1,0
13267,negative,1,1,0,0,0,0,0,0
13277,negative,1,1,0,0,0,0,0,0
13284,negative,1,1,0,0,0,0,0,0
13336,positive,3.5,0,0,1,1,0,1,0
13361,negative,1,1,0,1,0,1,0,0
13417,positive,5,1,1,1,1,1,1,0
13464,negative,1,1,0,0,0,1,0,0
13613,positive,5,1,1,1,1,1,1,0
13666,negative,1,1,0,0,0,0,0,0
13688,positive,4,0,1,1,0,1,1,1
13692,positive,5,0,0,1,1,0,0,0
13712,positive,5,0,0,0,0,0,1,0
13727,positive,5,1,0,1,1,0,1,0
13870,negative,1,1,0,0,0,0,0,0
13879,positive,4,0,1,1,1,1,0,1
13881,positive,5,0,0,1,1,1,1,0
13889,positive,5,1,0,0,0,0,0,0
13894,neutral,3,1,0,1,1,0,0,0
13922,negative,1,0,1,1,0,0,0,0
13925,negative,1,1,0,0,1,1,1,0
13936,positive,5,0,0,1,1,1,0,0
13991,positive,4,1,0,0,0,0,1,0
14026,negative,2,1,0,0,0,0,1,0
14113,positive,4,0,0,1,0,0,1,1
14198,neutral,3,1,0,0,0,0,0,0
14262,positive,5,1,1,1,0,0,0,0
14271,negative,2,1,0,0,0,0,0,0
14296,positive,4,0,0,1,0,0,0,0
14297,positive,4,0,1,1,0,0,0,0
14314,negative,1,1,0,1,1,0,0,0
14356,positive,5,0,0,0,0,0,0,0
14376,neutral,3,1,0,0,0,0,0,0
14420,positive,4,0,1,1,1,0,0,0
14586,negative,1,0,0,0,1,0,0,0
14638,positive,4,0,0,1,0,0,0,1
14679,positive,4,0,1,1,1,1,0,1
14695,neutral,3,0,0,1,1,1,1,0
14697,positive,5,0,0,1,1,1,1,1
14745,negative,1,1,0,0,0,0,0,0
14758,positive,4,0,0,1,0,0,0,0
14772,negative,1,0,0,0,0,0,1,0
14830,negative,2,0,0,1,1,1,1,1
14840,neutral,3,1,0,1,0,1,1,0
14868,positive,5,1,0,0,0,0,0,0
14891,positive,4,1,0,0,1,0,1,0
14896,positive,4,0,0,1,1,0,1,0
14911,positive,4,1,0,0,1,1,0,0
14914,positive,4,1,0,0,1,0,0,0
14954,negative,2,1,0,0,0,0,0,0
14959,positive,5,1,1,1,1,0,1,0
14962,negative,1,1,0,0,0,0,0,0
15081,negative,2,1,0,0,0,0,1,0
15096,positive,4,1,0,0,0,0,0,0
15105,positive,4,1,0,0,1,0,0,0
15106,positive,4,0,0,0,0,0,0,0
15115,positive,4,1,0,1,1,0,1,0
15123,positive,4,0,0,1,1,1,0,0
15134,negative,1,1,0,0,0,0,0,0
15151,positive,4,0,0,1,1,0,0,0
15252,positive,5,1,0,0,1,0,1,0
15320,positive,4,0,0,1,1,0,1,0
15322,positive,5,0,0,1,1,1,1,0
15326,positive,4,0,0,1,1,1,0,0
15327,positive,4,1,0,1,1,1,1,0
15332,positive,5,1,1,1,1,1,1,0
15355,negative,1,0,0,1,1,1,0,1
15370,negative,1,0,0,0,0,0,0,0
15384,positive,5,1,1,1,1,1,1,0
15396,positive,5,1,0,1,1,1,0,0
15398,positive,5,1,1,1,1,1,1,1
15430,neutral,3,0,0,0,0,0,0,0
15451,positive,5,1,1,1,1,1,1,0
15453,negative,1,0,0,0,0,1,0,1
15457,positive,5,1,1,1,1,0,1,0
15478,positive,5,0,0,1,1,0,0,0
15480,positive,5,0,1,1,0,1,0,1
15492,positive,5,0,0,1,1,0,0,0
15530,positive,5,0,0,1,1,1,0,0
15582,negative,1,1,0,0,0,0,0,0
15639,positive,4,0,0,0,1,0,0,0
15654,positive,5,1,0,1,1,1,1,1
15674,positive,5,0,0,0,1,0,0,0
15712,positive,5,0,0,1,1,0,0,0
15781,negative,1,1,0,0,0,0,0,0
15796,positive,4,1,1,1,1,1,0,0
15807,positive,5,1,0,0,1,1,0,0
15901,positive,5,1,0,1,1,1,0,0
15964,positive,4,1,0,1,1,0,1,0
15978,positive,4,1,0,0,0,0,0,0
15993,positive,5,0,0,1,1,0,1,0
16000,positive,4,1,0,1,0,0,1,0
16011,positive,4,1,1,1,1,1,1,0
16023,positive,4,1,1,1,1,1,1,0
16031,positive,5,1,0,1,0,0,1,0
16067,positive,5,0,0,1,0,0,0,0
16111,positive,4,1,1,1,1,1,1,0
16126,positive,4,0,0,1,1,0,1,0
16133,positive,5,1,1,1,1,0,0,0
16203,positive,5,1,0,0,0,0,0,0
16212,positive,5,1,0,1,0,0,0,0
16238,neutral,0,0,0,0,0,0,0,0
16266,positive,4,0,0,1,0,0,1,0
16276,positive,5,1,0,1,1,0,0,0
16342,positive,5,1,0,0,0,0,1,1
16352,negative,1,1,0,0,0,0,0,0
16357,negative,1,1,0,0,0,0,0,0
16383,positive,4,0,0,1,0,1,1,0
16428,positive,5,1,0,1,1,0,1,1
16480,positive,4,1,0,1,1,1,1,1
16506,positive,5,1,1,1,1,1,1,1
16529,positive,5,0,0,0,1,0,0,0
16564,positive,4,1,1,1,1,1,1,1
16584,positive,4,1,1,1,1,1,1,1
16624,positive,5,1,0,1,1,0,1,1
16635,neutral,3,0,0,0,0,0,0,0
16681,neutral,3,1,1,0,1,1,1,0
16735,negative,1,1,1,0,0,0,1,0
16760,negative,1,1,0,0,0,0,0,0
16767,positive,4,1,0,0,1,1,0,0
16783,negative,2,0,0,1,1,1,0,0
16805,positive,4,1,0,1,1,1,0,0
16817,positive,4,1,1,1,1,0,0,0
16852,positive,5,1,1,1,1,1,0,0
16857,positive,5,1,1,1,1,1,1,0
16920,positive,5,1,1,1,1,1,1,1
16961,positive,4,1,1,1,1,1,1,0
16977,positive,5,1,1,1,0,0,1,0
17015,positive,5,1,0,0,0,0,1,0
17027,positive,4,1,0,1,1,1,0,0
17084,positive,4,1,0,0,0,0,0,0
17103,negative,2,1,0,0,0,0,0,0
17112,positive,5,1,1,1,1,1,1,1
17172,positive,5,1,1,1,1,1,1,1
17178,positive,5,1,1,0,0,0,0,0
17179,positive,5,1,0,0,0,0,0,0
17234,negative,2,1,1,1,1,0,0,0
17359,neutral,3,0,0,0,0,0,1,0
17368,negative,1,1,0,0,0,0,0,1
17445,positive,4,1,1,1,0,1,0,1
17487,positive,4,0,0,1,1,0,1,0
17524,negative,1,1,0,0,1,1,0,0
17526,negative,1,1,0,0,0,0,0,0
17530,negative,1,1,0,0,0,0,0,0
17601,negative,1,1,0,0,0,0,0,0
17683,negative,1,1,0,0,0,0,0,0
17690,positive,4,1,1,1,1,1,1,0
17716,neutral,3,1,1,1,1,1,1,1
17728,positive,4,0,1,0,1,0,0,0
17788,positive,5,0,1,1,0,0,0,0
17800,positive,4,1,1,1,1,0,0,0
17867,positive,4,0,0,0,1,0,0,0
17889,positive,4,0,0,1,1,0,1,0
17919,negative,1,1,0,1,0,0,0,0
17977,negative,1,1,0,0,1,1,0,1
17983,negative,1,1,0,0,0,1,0,1
18000,positive,4,0,1,1,1,1,1,1
18025,positive,5,0,1,1,1,1,0,1
18069,positive,4,1,1,1,1,1,1,1
18103,positive,5,0,1,1,1,1,1,1
18160,negative,1,1,0,0,0,0,0,0
18189,negative,1,1,0,0,0,0,0,0
18215,positive,4,0,0,1,1,1,1,1
18256,positive,4,0,0,1,1,1,1,1
18269,positive,5,0,1,1,1,1,1,1
18318,neutral,3,0,0,1,1,1,1,1
18339,positive,4,0,0,1,1,1,1,0
18351,positive,4,0,0,1,1,0,1,0
18398,positive,5,0,1,1,1,1,0,1
18419,positive,5,0,1,0,1,1,0,0
18431,positive,5,1,0,1,0,0,0,0
18451,positive,4,1,0,0,0,0,0,0
18483,positive,5,1,1,1,0,0,0,0
18501,positive,5,1,1,1,1,1,0,1
18502,positive,5,1,1,1,1,1,1,0
18539,positive,5,1,0,1,0,0,0,0
18600,positive,4,1,0,1,1,0,1,1
18698,positive,5,1,1,1,1,1,1,1
18726,positive,5,0,1,1,1,1,1,0
18740,negative,1,0,0,0,0,0,0,0
18746,negative,1,1,0,0,1,0,0,0
18766,negative,1,1,0,1,0,0,0,0
18833,positive,5,1,1,1,1,1,0,0
18862,positive,5,1,0,0,0,0,0,0
19056,neutral,3.5,1,1,1,1,1,1,0
19062,negative,2,1,0,0,0,0,1,0
19076,negative,1,1,0,0,0,0,0,0
19094,positive,4,0,0,0,1,1,0,0
19097,positive,3,1,0,0,0,0,0,0
19198,positive,4,0,0,0,0,0,0,0
19226,positive,5,1,1,1,1,1,1,0
19232,positive,4,0,0,0,1,1,0,0
19255,positive,4,1,1,1,1,1,1,0
19323,neutral,3,0,1,1,1,1,1,1
19352,negative,1,0,0,0,1,1,0,0
19366,negative,0,1,0,0,0,0,0,0
19368,negative,1,1,0,1,0,0,0,0
19407,negative,1,1,0,0,1,1,0,0
19549,negative,1,1,0,0,0,0,0,0
19639,negative,1,1,0,0,0,0,0,0
19686,positive,4,0,1,1,1,1,1,0
19771,positive,5,1,1,1,1,1,1,0
19829,positive,4.5,1,1,1,1,1,0,0
19850,negative,1,1,0,0,0,0,0,0
19891,positive,5,1,0,1,0,0,0,0
19937,negative,1,1,0,0,0,0,0,0
19942,positive,4,0,1,1,1,1,0,0
19986,positive,5,1,0,0,0,1,0,0
20026,positive,4,1,0,1,1,1,0,0
20082,negative,1,1,0,0,0,0,0,0
20092,positive,4,0,1,1,1,1,1,1
20118,positive,5,0,0,0,0,0,1,1
20136,neutral,3,0,0,0,0,0,0,0
20189,negative,1,1,0,0,0,0,0,0
20216,positive,4,0,1,1,1,1,1,1
20256,positive,4,1,0,1,1,1,1,1
20311,positive,4,0,0,0,0,0,0,0
20444,positive,5,1,0,0,0,0,0,0
20451,positive,4,1,0,0,1,1,0,0
20527,positive,4,1,1,1,1,1,1,0
20570,negative,1,1,0,0,0,0,0,0
20574,negative,1,1,0,1,0,0,0,1
20594,positive,5,0,0,0,0,0,0,0
20620,negative,1,1,0,0,0,0,0,0
20641,positive,4,0,0,0,0,0,0,1
20668,positive,5,0,0,0,0,1,0,1
20722,negative,1,1,0,1,1,1,0,0
20813,positive,4,1,1,1,0,0,1,0
20870,positive,5,1,1,1,1,1,1,1
20878,positive,4,0,1,1,0,1,0,1
20885,positive,5,0,0,1,1,0,0,0
20891,positive,5,0,1,1,0,0,0,0
20950,negative,1,1,0,0,0,0,0,0
20976,positive,4,0,0,0,1,1,0,0
20998,positive,4,1,1,1,1,1,0,1
21033,positive,5,1,1,0,1,1,1,0
21047,positive,5,1,1,1,0,0,0,0
21146,negative,1,1,0,1,0,0,0,0
21219,positive,5,0,0,0,0,0,0,0
21238,negative,1,1,0,0,0,0,0,0
21347,positive,5,0,1,1,0,0,0,1
21348,positive,4,0,0,1,0,0,1,0
21389,negative,2,1,1,1,0,1,1,0
21409,positive,4,1,1,0,1,1,0,0
21416,positive,4,1,1,0,1,1,0,0
21450,positive,5,1,1,0,1,1,0,0
21488,positive,5,1,1,1,1,1,1,0
21490,negative,1,1,0,0,0,1,0,1
21582,negative,2,0,0,0,0,0,1,0
21583,positive,4,0,0,1,1,0,1,0
21587,positive,5,1,1,1,1,1,0,0
21620,positive,4,0,1,1,1,0,1,0
21706,negative,1,1,1,1,0,0,1,0
21789,positive,4,0,1,1,1,0,0,0
21790,positive,4,0,1,1,0,0,0,0
21859,positive,5,0,1,1,1,1,0,0
21861,negative,1,1,0,0,0,0,0,0
21906,positive,5,0,0,1,0,0,0,0
21909,negative,2,1,0,0,0,0,0,1
21911,positive,5,1,1,1,1,0,1,0
21974,negative,1,1,0,0,0,0,0,0
21990,negative,1,1,0,0,0,0,0,0
21999,positive,4,1,1,1,1,0,1,0
22009,positive,4,0,0,1,1,1,1,0
22069,positive,5,0,1,0,1,1,0,0
22100,positive,5,0,0,1,1,0,1,0
22112,positive,5,0,0,0,0,0,0,0
22127,positive,5,1,1,1,1,1,1,0
22132,positive,4,1,1,1,1,1,1,1
22172,positive,5,0,1,1,1,0,0,0
22176,positive,5,1,1,1,1,1,0,0
22209,positive,5,0,1,0,1,0,1,0
22235,positive,5,1,1,1,1,0,0,0
22255,positive,4,1,1,1,0,0,1,0
22257,positive,4,1,1,1,1,1,1,0
22287,positive,5,1,1,1,1,0,1,0
22320,positive,5,0,1,0,1,0,1,0
22322,positive,5,0,1,1,1,0,0,0
22323,positive,5,1,0,0,0,0,0,0
22362,positive,5,1,1,1,1,0,0,0
22364,positive,5,1,1,1,1,1,0,0
22374,positive,5,1,1,0,1,1,0,0
22431,positive,5,1,1,0,0,0,1,0
22458,positive,5,1,1,1,1,1,1,0
22555,negative,1,1,0,1,0,0,1,0
22574,positive,4,0,1,0,1,0,0,0
22578,positive,5,1,1,0,1,0,1,0
22588,positive,4,1,0,1,0,0,1,0
22618,positive,4,1,1,1,1,1,1,0
22645,negative,1,1,0,0,0,1,0,0
22651,negative,2,1,0,1,1,1,1,0
22680,positive,5,1,1,1,1,1,1,1
22697,positive,5,1,1,1,1,1,1,1
22753,negative,1,1,0,0,0,0,1,0
22813,positive,5,0,0,0,1,1,0,0
22853,neutral,3,0,0,0,0,0,1,0
22894,positive,5,1,0,0,1,1,0,1
22910,negative,2,1,0,1,0,1,1,1
22962,positive,5,1,0,1,1,1,0,1
22967,positive,4,1,0,1,1,0,0,0
22969,positive,4,1,1,1,1,1,0,0
22994,positive,4,1,0,0,1,1,1,0
22996,positive,4,1,1,1,1,1,1,1
22998,positive,5,1,0,0,1,0,1,0
23009,neutral,3,1,0,0,0,0,0,0
23013,positive,4,1,0,0,0,0,0,0
23029,positive,4,1,0,1,1,1,1,0
23087,neutral,3,1,0,0,1,1,1,0
23110,positive,4,1,0,0,1,0,0,0
23158,positive,4.5,1,1,1,1,1,1,0
23167,negative,2,1,0,0,0,0,0,0
23175,negative,1,1,0,0,1,0,0,0
23193,positive,4,1,0,0,1,1,1,0
23229,negative,1,1,0,0,1,0,0,0
23248,positive,5,1,0,1,1,1,0,0
23253,positive,5,0,0,1,1,1,0,0
23273,positive,5,1,0,0,1,0,1,0
23281,positive,4,1,0,0,0,0,0,0
23318,neutral,3,0,0,1,0,1,1,0
23377,positive,5,0,1,1,1,1,0,1
23397,negative,1,0,1,0,0,1,0,0
23524,positive,4,1,1,1,0,0,0,1
23589,positive,5,1,0,1,0,0,0,0
23594,positive,5,1,0,0,0,0,0,0
23628,positive,4,1,0,0,1,0,0,0
23659,positive,5,0,1,1,1,1,0,1
23714,positive,4,1,1,1,1,1,0,1
23719,positive,5,1,1,1,1,1,0,0
23724,positive,4,1,1,1,1,0,1,0
23737,neutral,3,1,0,1,0,0,1,0
23750,positive,5,1,0,0,1,0,0,0
23792,positive,5,1,1,0,1,0,1,0
23798,positive,4,0,0,1,1,0,1,0
23819,positive,4,0,1,1,1,0,0,0
23863,positive,4,1,1,1,1,1,1,1
23911,positive,5,0,0,0,0,0,0,0
23931,positive,4,1,1,0,1,0,0,0
23957,positive,4,1,1,1,1,1,0,0
23972,positive,5,1,0,0,1,0,0,0
23990,positive,4,1,1,1,1,0,1,0
24003,negative,1,1,0,1,1,0,0,0
24025,negative,1,0,0,1,0,0,0,0
24035,positive,4,1,1,1,1,1,0,0
24082,negative,1,1,1,0,0,0,0,0
24093,positive,5,1,0,0,1,0,1,0
24108,negative,1,1,0,0,0,0,0,0
24123,negative,1,1,0,0,0,0,0,0
24148,positive,4,0,1,1,1,1,1,0
24164,positive,4,0,1,1,1,1,1,1
24192,neutral,3,0,1,1,1,1,1,1
24196,negative,1,1,0,0,0,0,0,0
24223,positive,5,0,1,1,1,0,0,0
24258,positive,5,1,0,0,0,0,0,0
24259,positive,4,1,1,1,0,0,1,0
24262,positive,5,1,1,1,0,0,1,0
24266,positive,5,1,1,0,0,0,0,0
24290,positive,5,1,1,0,0,0,0,0
24308,negative,1,0,0,0,0,0,1,0
24374,positive,4,0,1,0,0,0,0,0
24383,positive,4,0,0,1,0,0,0,0
24384,positive,4,1,1,1,0,0,0,0
24395,positive,4,1,1,1,0,0,0,0
24445,positive,4,1,1,1,1,0,0,0
24466,positive,4,1,1,1,0,1,1,0
24467,positive,4,1,1,1,1,0,1,0
24469,negative,2,0,0,1,0,1,0,0
24539,positive,4,1,1,1,0,0,1,0
24554,positive,5,1,0,1,0,0,0,0
24581,negative,2,0,0,1,0,0,1,0
24609,positive,5,0,0,0,0,0,1,0
24648,positive,5,1,0,0,0,0,0,0
24678,positive,4,1,0,1,0,0,1,0
24692,negative,1,0,0,0,0,0,0,0
24741,neutral,3,1,0,1,0,0,1,0
24764,negative,1,0,0,0,0,0,0,0
24765,neutral,0,0,0,0,0,0,0,0
24805,positive,3.5,0,1,1,0,0,0,0
24819,positive,4,1,0,0,0,0,0,0
24847,neutral,3,0,0,0,0,0,0,0
24890,positive,5,1,0,0,0,0,0,0
24915,positive,4,1,0,1,1,0,1,0
24940,positive,4,1,0,0,0,0,0,0
25002,neutral,3,1,1,1,1,1,1,1
25016,positive,5,1,1,1,0,0,1,0
25071,negative,2,0,0,1,1,0,1,0
25114,positive,4,1,1,1,1,1,1,0
25128,positive,5,1,1,1,1,0,1,0
25155,negative,1,1,0,0,0,0,0,0
25211,positive,5,1,0,0,0,0,0,0
25212,positive,4,1,1,1,1,0,1,0
25238,positive,4,1,1,1,1,1,1,0
25273,negative,1,0,0,0,0,1,1,0
25285,positive,4,0,1,1,1,1,1,1
25320,positive,5,1,0,1,0,0,0,0
25359,positive,5,1,0,1,1,0,1,0
25378,negative,1,0,0,1,1,1,1,1
25386,positive,4,1,0,1,0,0,0,0
25418,neutral,3,0,0,0,1,1,0,0
25472,positive,5,1,0,1,0,0,0,0
25587,positive,5,1,0,1,0,0,0,0
25602,negative,1,1,0,0,1,0,0,0
25645,positive,5,0,0,0,0,0,0,0
25649,positive,5,0,0,1,0,1,0,1
25682,positive,5,1,0,1,0,0,0,0
25772,positive,4,0,0,1,1,1,0,0
25823,positive,4,0,0,1,0,0,0,0
25892,positive,4,1,0,1,1,1,1,1
25895,positive,4,1,1,1,1,1,1,0
25900,positive,5,1,0,1,1,0,1,0
25901,positive,4,1,1,1,1,0,1,0
25910,positive,5,1,0,1,1,0,0,0
25938,positive,4,0,1,1,1,1,0,0
25953,positive,5,1,1,1,1,1,1,0
25964,neutral,3,1,0,0,1,0,1,0
25980,positive,4.5,1,0,1,0,0,1,0
25982,positive,4,1,0,1,0,0,1,0
26005,positive,5,1,0,1,1,0,1,0
26136,negative,1,0,0,0,0,0,0,0
26144,positive,5,1,0,0,0,0,0,0
26180,positive,5,1,0,1,1,0,0,0
26277,negative,1,0,0,0,1,0,0,0
26309,positive,5,1,0,0,0,0,0,0
26320,negative,1,1,0,0,0,0,0,0
26407,negative,1,1,0,0,0,0,0,0
26409,negative,1,1,0,0,0,0,0,0
26424,positive,5,0,0,1,1,1,0,0
26436,negative,1,1,0,0,0,0,0,0
26438,negative,1,0,0,0,0,1,0,0
26455,positive,5,1,1,0,1,0,1,0
26500,neutral,3,0,0,0,0,0,0,0
26519,negative,1,1,1,0,1,1,0,0
26540,negative,1,1,0,1,0,1,1,1
26667,positive,4,1,1,1,1,0,0,0
26678,positive,4,1,0,0,0,0,0,0
26709,positive,5,1,0,0,0,0,0,0
26721,negative,1,1,0,1,0,0,0,0
26739,positive,5,0,1,0,0,0,0,0
26743,positive,5,1,1,0,0,0,0,0
26753,positive,3,1,0,1,0,1,0,0
26793,neutral,3,1,0,1,1,0,1,0
26816,negative,2,0,0,0,0,0,0,0
26820,positive,4,1,0,0,1,1,0,0
26873,positive,4,1,1,0,1,0,1,0
26901,positive,4,0,1,1,1,1,1,0
26916,positive,4,0,1,1,1,1,1,0
26928,positive,4,1,1,1,1,1,0,0
26951,positive,5,1,0,0,0,0,0,0
27025,negative,1,1,0,0,0,1,1,1
27068,negative,1,0,0,0,0,1,0,1
27152,negative,1,0,0,1,0,1,0,1
27169,negative,1,1,0,0,0,1,0,1
27185,negative,2,1,0,1,1,1,0,1
27186,negative,1,1,0,0,0,1,0,1
27333,negative,1,1,0,0,0,0,0,1
27381,negative,1,0,0,1,0,1,0,0
27395,positive,4,1,0,0,0,0,0,0
27449,positive,4,1,0,1,0,0,0,0
27526,positive,5,0,0,1,0,0,1,0
27645,positive,4,0,0,1,0,0,1,0
27647,positive,5,1,0,0,0,0,0,0
27659,positive,5,1,0,0,0,0,0,0
27712,positive,5,1,1,1,0,0,0,0
27728,positive,5,1,0,1,1,0,1,0
27748,positive,4,1,0,0,0,0,0,0
27805,positive,5,1,0,0,0,0,1,0
27819,positive,5,1,0,0,0,0,0,0
27871,positive,5,1,0,1,0,0,1,0
27892,positive,5,1,0,1,0,0,1,0
27926,negative,1,1,0,0,1,0,0,1
27954,positive,5,1,1,1,1,1,1,1
27972,positive,4,0,1,0,1,1,1,1
27973,positive,5,1,0,0,1,0,1,0
27996,negative,1,0,0,0,0,0,0,1
28046,negative,1,1,0,1,0,1,0,1
28047,positive,5,1,1,0,1,1,1,0
28085,negative,2,0,1,0,1,0,1,0
28105,positive,4.5,0,0,1,1,0,1,0
28127,positive,4,0,0,1,1,0,1,0
28142,positive,5,0,0,1,1,0,1,0
28288,negative,1,1,0,0,0,0,0,0
28312,positive,4,1,1,1,1,1,1,0
28334,negative,1,1,1,0,0,0,0,0
28388,negative,1,1,1,0,0,0,0,0
28389,negative,1,1,0,0,0,0,0,1
28418,positive,4,0,0,1,0,0,1,0
28436,negative,1,0,1,1,1,0,1,0
28453,positive,4,1,1,1,1,0,0,0
28480,positive,4,1,1,1,1,0,0,0
28481,negative,1,1,0,0,0,0,0,0
28488,positive,3,1,0,0,1,1,0,0
28519,positive,4,1,1,1,0,0,0,0
28538,negative,0,1,0,0,0,0,0,0
28609,positive,4,1,1,1,1,0,1,0
28676,positive,4,0,1,1,1,0,0,0
28694,positive,4,1,1,1,1,0,1,0
28695,positive,5,0,1,1,1,0,1,0
28713,neutral,3,0,0,0,1,1,1,0
28745,positive,5,0,1,1,1,0,0,0
28896,positive,5,1,1,1,1,0,0,0
28900,positive,4,1,1,1,1,1,0,0
28920,positive,4,1,1,1,1,1,0,0
28991,positive,4,1,1,1,1,1,0,0
28999,negative,1,1,0,0,0,0,0,0
29002,negative,1,1,0,0,0,1,0,1
29066,positive,4,1,1,1,1,1,1,0
29086,positive,4,1,1,1,1,1,1,0
29157,positive,5,1,1,1,1,1,0,0
29197,positive,4,0,1,0,0,0,0,0
29331,positive,4,0,0,0,1,0,0,0
29335,positive,4,1,1,0,1,1,0,0
29350,positive,4,1,0,1,1,1,0,1
29355,negative,2,0,0,1,1,0,0,0
29371,neutral,3.5,1,0,0,1,0,1,0
29378,positive,4,1,0,0,1,0,1,0
29405,negative,2,1,0,1,0,0,1,0
29443,negative,2,0,0,1,0,1,1,1
29470,neutral,3,1,0,1,1,0,1,0
29491,positive,5,1,0,1,1,1,1,0
29507,positive,4,1,1,1,1,1,1,1
29531,positive,4,1,1,1,1,0,1,0
29557,negative,1,1,0,0,0,1,1,0
29582,negative,1,1,0,1,0,0,0,0
29606,positive,4,0,1,1,1,1,0,0
29623,negative,1,1,0,0,0,1,0,0
29624,positive,5,1,1,1,0,0,0,0
29636,positive,4,1,0,0,1,1,0,0
29657,positive,4,1,0,0,0,0,0,0
29680,negative,1,0,0,0,0,0,0,0
29690,negative,1,1,0,0,0,0,0,0
29691,positive,4,1,0,0,0,0,0,0
29702,negative,1,1,0,0,0,0,0,0
29706,negative,1,1,0,0,0,0,0,0
29787,positive,5,0,0,0,0,0,0,0
29838,positive,5,0,0,1,1,0,0,0
29857,positive,5,0,0,1,0,0,0,0
29899,neutral,4,0,0,1,0,0,0,0
29907,positive,5,1,1,1,1,1,1,0
29930,positive,4,0,0,0,1,1,0,0
29962,negative,1,1,0,0,0,0,0,0
29975,negative,2,0,0,0,0,0,0,1
29984,positive,5,0,0,0,0,0,0,0
29993,positive,5,1,0,1,0,0,1,0
30053,positive,5,1,1,1,1,1,1,1
30068,positive,5,1,0,1,1,1,1,0
30102,positive,5,1,0,1,1,1,1,1
30104,negative,1,1,0,1,0,1,0,1
30106,positive,4,1,1,1,1,1,1,1
30145,positive,5,1,0,1,1,1,0,0
30177,positive,5,1,1,1,1,1,0,0
30182,negative,1,1,0,0,1,0,0,0
30233,positive,5,1,0,0,0,0,0,0
30249,positive,5,1,0,0,0,0,0,0
30280,positive,5,1,0,0,1,1,0,0
30315,positive,5,1,0,1,1,0,1,0
30360,positive,5,1,0,1,0,0,1,0
30406,negative,2,1,1,1,1,1,1,1
30442,positive,5,1,0,1,1,0,1,0
30461,negative,1,0,0,0,0,0,1,0
30549,positive,5,1,0,1,0,0,0,0
30558,neutral,4,0,0,0,1,0,0,0
30561,positive,5,1,0,1,1,0,1,1
30589,positive,4,1,0,1,1,0,1,1
30608,positive,5,1,0,1,1,0,1,0
30610,positive,5,1,0,0,0,0,0,0
30643,positive,4,1,0,1,1,1,0,0
30646,positive,4,1,0,1,1,1,0,0
30781,positive,5,1,0,1,1,1,0,1
30801,positive,5,1,0,1,1,1,1,0
30802,negative,1,1,0,0,0,0,0,0
30944,positive,4,0,0,0,0,0,0,0
30966,positive,4,1,1,1,1,1,1,1
30978,positive,4,0,0,0,0,0,0,0
31003,positive,5,0,0,1,0,0,1,0
31068,positive,4,1,0,1,1,0,1,0
31080,positive,5,0,0,1,1,0,1,0
31109,positive,5,1,0,1,1,0,1,1
31116,positive,5,1,0,0,1,0,1,0
31119,negative,1,1,0,1,0,0,1,0
31133,positive,4,1,0,1,0,0,1,0
31140,negative,1,1,0,0,0,0,1,0
31169,negative,2,0,0,0,0,0,1,0
31206,neutral,3,0,0,1,0,0,0,0
31211,positive,4,1,1,1,0,0,0,0
31221,positive,5,0,0,0,0,0,0,0
31238,negative,1,0,0,0,0,1,0,0
31249,positive,5,1,0,0,0,0,1,0
31255,neutral,3,1,0,0,0,0,0,0
31285,positive,4,1,0,0,1,1,0,0
31287,positive,5,1,1,1,1,1,1,1
31292,positive,5,1,0,1,1,1,1,1
31386,positive,4,1,1,1,0,1,1,1
31507,positive,4,0,1,1,1,1,0,1
31537,positive,4,1,0,1,1,0,0,0
31550,positive,5,1,0,1,0,0,1,0
31582,positive,4,0,1,1,1,0,1,0
31597,negative,1,1,0,0,0,0,1,0
31609,positive,4,1,0,1,0,0,1,1
31631,negative,1,0,0,0,0,0,0,0
31637,negative,1,0,0,0,0,0,0,0
31665,positive,4,1,0,1,1,0,0,0
31669,positive,4,1,0,1,1,0,1,0
31712,positive,4,1,0,0,0,0,1,0
31718,positive,5,1,0,1,0,0,1,0
31736,positive,4,1,0,0,0,1,1,0
31759,negative,1,0,0,0,0,0,1,0
31765,positive,5,1,1,1,1,1,1,0
31847,positive,5,1,0,1,1,0,1,0
31859,positive,4,0,0,1,0,0,0,0
31860,positive,4,1,0,1,1,1,1,0
31865,positive,5,1,0,1,1,0,0,0
31931,negative,2,1,0,0,0,0,0,0
31933,positive,5,1,0,1,1,0,0,0
31941,positive,5,1,0,1,1,0,0,0
31989,positive,5,1,0,1,1,1,0,0
31991,positive,5,1,0,0,1,0,0,0
32071,positive,5,1,0,0,0,0,0,0
32074,positive,5,0,0,1,1,1,0,0
32158,negative,1,0,0,1,1,1,1,0
32163,positive,5,1,0,1,1,1,1,0
32178,positive,4,0,0,0,0,0,0,0
32211,positive,5,0,0,0,0,0,0,0
32225,positive,4,0,1,1,1,1,0,1
32247,negative,0,1,0,0,0,0,0,0
32352,positive,3.5,1,0,1,1,1,1,0
32356,positive,4,1,0,0,1,1,0,0
32357,positive,4,1,0,1,0,1,0,1
32370,positive,5,1,0,1,1,1,1,0
32445,negative,1,0,0,1,0,0,1,0
32448,positive,5,1,0,1,0,1,1,0
32455,positive,4,0,0,0,0,0,0,0
32523,positive,5,0,0,0,0,0,0,0
32527,negative,1,1,0,0,0,0,0,0
32593,negative,2,1,0,0,0,1,0,1
32600,positive,4.5,0,0,0,0,1,0,0
32638,positive,5,1,0,0,0,0,0,0
32657,positive,5,1,0,0,0,0,1,0
32728,positive,5,1,0,1,1,1,0,0
32738,positive,4,1,0,1,1,0,1,0
32770,negative,1,1,0,0,0,0,0,0
32787,negative,1,0,0,0,0,0,0,0
32835,positive,4,0,0,1,1,1,0,0
32851,neutral,3,0,1,1,0,1,1,1
32862,positive,5,1,0,1,1,0,0,0
32877,positive,5,1,1,1,1,1,1,1
32904,positive,5,1,1,0,0,1,1,0
32912,positive,5,0,0,0,0,0,0,0
32919,positive,5,1,0,1,1,1,0,0
32929,positive,5,1,1,1,1,1,0,1
32950,positive,5,0,0,0,0,0,0,0
33005,neutral,3,1,0,1,0,0,0,0
33018,negative,2,0,0,0,0,0,0,0
33061,positive,4,1,0,1,0,0,0,0
33063,negative,1,0,0,0,0,0,0,0
33075,negative,1,1,0,0,0,0,0,0
33082,positive,4,1,0,0,0,0,0,0
33096,positive,4,1,0,0,0,0,0,0
33135,positive,5,1,1,1,1,1,1,0
33209,positive,5,1,1,1,1,1,1,0
33226,negative,1,0,0,0,0,0,0,0
33251,positive,5,1,0,1,0,1,1,0
33272,positive,4,1,1,1,1,0,0,1
33287,positive,5,1,1,1,1,1,1,1
33362,positive,4,1,0,0,0,0,1,0
33412,positive,5,1,0,0,0,1,0,0
33453,positive,5,1,0,1,1,1,0,0
33537,positive,5,1,1,1,1,1,1,1
33565,positive,5,1,0,1,0,0,1,0
33622,positive,4.5,1,0,0,0,0,1,0
33654,positive,5,1,0,0,1,0,1,0
33665,neutral,3,0,0,1,0,1,0,1
33679,positive,5,1,0,1,1,0,1,0
33725,positive,5,1,0,1,0,1,1,0
33803,positive,5,1,0,1,1,1,0,0
33811,neutral,3,0,0,0,0,1,1,1
33819,positive,4,1,0,1,1,1,1,0
33837,positive,4,1,0,1,0,0,1,0
33847,negative,2,1,0,1,1,0,1,0
33870,positive,5,1,0,1,1,1,1,0
33929,positive,5,1,0,1,1,1,1,0
33933,positive,4,1,1,1,0,1,1,1
33979,positive,5,1,1,1,1,1,1,0
33990,neutral,3,0,0,1,0,0,1,0
34021,positive,5,1,1,1,1,1,1,0
34105,positive,5,1,0,1,1,1,0,0
34130,negative,1,0,0,0,0,0,0,0
34158,positive,5,1,0,0,0,0,0,0
34159,positive,5,1,0,1,0,0,1,0
34169,positive,5,1,0,1,1,1,1,0
34195,positive,5,1,0,0,0,1,0,0
34215,positive,5,1,0,1,1,1,0,0
34230,neutral,3,0,0,0,0,0,0,0
34235,positive,5,0,0,0,0,0,0,0
34250,positive,5,1,0,1,1,0,0,0
34275,positive,5,1,0,1,1,0,1,0
34300,positive,5,1,0,1,1,0,1,0
34307,negative,2,0,0,0,0,0,0,0
34319,positive,5,1,0,1,1,1,0,1
34347,negative,2,0,0,0,0,0,0,1
34409,positive,5,1,0,1,1,1,0,1
34437,positive,5,1,0,1,1,1,0,0
34477,positive,5,0,0,1,1,1,0,0
34503,negative,1,1,1,1,1,1,0,1
34525,negative,1,0,1,1,0,1,0,1
34559,positive,5,1,1,1,1,0,1,0
34598,positive,5,1,0,1,1,1,1,0
34630,positive,5,1,1,0,1,1,0,1
34648,positive,5,1,1,0,0,1,0,1
34745,positive,5,1,0,1,1,0,0,0
34760,positive,4,1,0,1,0,1,0,0
34761,positive,5,1,0,0,0,0,0,0
34775,positive,5,0,0,1,0,1,0,1
34789,positive,5,1,0,1,0,1,0,0
34849,positive,4,1,0,1,0,0,0,0
34869,positive,4,1,0,1,0,0,0,0
34930,neutral,3,1,0,1,1,0,0,0
34953,negative,1,0,0,0,0,0,0,0
34957,positive,4.5,1,0,1,0,0,0,0
34963,positive,5,1,0,1,0,1,0,0
34980,positive,5,0,0,0,0,0,0,0
35058,positive,5,1,0,1,1,1,0,0
35084,positive,5,1,0,1,1,0,1,0
35090,negative,2,1,1,0,0,1,0,1
35104,positive,5,1,0,1,0,0,0,0
35113,positive,5,1,0,1,0,0,0,0
35179,positive,4.5,0,0,0,0,0,0,0
35229,positive,4,0,0,1,0,0,0,0
35241,positive,4,0,0,1,1,0,1,0
35269,negative,1,1,0,0,0,0,0,0
35280,negative,1,1,0,1,0,1,1,1
35292,negative,1,0,0,0,1,0,1,1
35305,positive,5,0,0,1,1,1,1,0
35409,negative,1,1,0,1,0,0,1,0
35415,negative,1,1,0,0,0,0,1,0
35440,negative,1,1,0,0,0,0,0,0
35471,positive,4,0,0,1,0,0,0,0
35478,positive,5,1,0,1,1,0,0,0
35549,positive,4.5,1,1,1,1,1,0,1
35572,neutral,3,0,0,1,1,1,0,1
35620,negative,1,1,0,0,0,0,0,0
35647,negative,1,0,0,0,0,0,1,0
35690,positive,5,0,0,0,0,0,0,0
35738,negative,2,0,1,1,0,1,1,1
35772,positive,4,0,0,1,1,1,1,1
35803,positive,4,1,0,1,1,1,1,0
35819,positive,4.5,1,1,1,0,0,1,0
35881,negative,1,1,0,1,0,0,0,0
35953,negative,1,1,0,0,0,0,0,0
36004,negative,1,1,0,0,0,0,0,0
36075,negative,1,0,0,1,0,1,0,0
36090,positive,4,0,0,1,1,0,1,0
36092,positive,4,0,0,0,0,1,0,1
36146,positive,4,0,1,1,1,1,1,0
36170,positive,4,1,1,1,1,0,1,1
36197,positive,5,0,0,0,0,0,0,0
36221,positive,5,1,0,0,1,0,0,0
36244,positive,5,1,0,1,1,1,0,0
36249,positive,5,1,1,1,1,1,0,1
36328,positive,4,1,1,1,1,1,1,1
36357,positive,4.5,0,1,1,1,1,1,1
36381,positive,5,1,1,1,0,0,1,0
36382,positive,4.5,1,1,1,1,1,1,0
36416,negative,1,0,0,0,0,1,0,1
36432,positive,4,1,1,1,1,1,1,1
36472,negative,1,1,0,0,0,0,0,0
36475,positive,4,1,1,0,1,1,0,0
36492,positive,5,1,0,0,0,0,0,0
36506,positive,5,1,0,1,0,0,0,0
36588,positive,5,1,0,1,0,0,1,0
36676,negative,1,1,0,0,0,0,0,0
36708,positive,5,1,0,0,0,0,0,0
36721,positive,5,1,0,0,0,0,0,0
36735,negative,1,1,0,0,0,0,0,0
36806,positive,4.5,1,0,1,0,1,0,0
36861,positive,5,1,1,1,1,1,1,1
36868,positive,4,1,0,0,1,1,1,0
36941,positive,4,1,1,1,1,1,1,0
36988,positive,5,0,0,1,1,1,1,1
37032,positive,5,1,0,0,0,0,0,0
37035,positive,4,1,0,1,0,1,0,0
37042,negative,1,1,0,0,0,0,1,0
37049,neutral,3,0,1,1,1,0,0,0
37054,neutral,3,0,0,1,1,0,1,0
37057,negative,1,1,0,0,0,1,1,0
37077,negative,1,0,0,0,0,1,0,0
37122,negative,1,1,0,0,0,1,0,0
37176,positive,4,0,0,1,0,0,0,0
37178,positive,5,0,0,1,1,0,0,0
37271,positive,4,0,0,0,1,1,1,0
37296,positive,5,1,0,1,1,1,1,0
37299,negative,1,1,0,1,0,0,0,0
37420,positive,4,0,1,1,1,1,1,1
37457,negative,1,0,0,0,1,1,0,1
37477,positive,4,0,0,1,0,0,0,0
37481,positive,5,1,0,1,0,0,0,0
37492,positive,5,0,0,1,1,1,0,1
37526,positive,4,1,0,1,0,0,1,0
37557,positive,5,1,0,1,1,1,0,0
37592,positive,5,1,0,1,1,1,0,0
37598,positive,5,1,0,1,1,1,1,0
37644,positive,5,0,0,0,0,1,0,0
37667,positive,5,1,1,1,1,1,1,0
37675,negative,2,0,0,0,0,0,0,1
37722,positive,4.5,1,0,1,1,0,0,0
37756,negative,1,1,0,0,0,0,0,0
37850,positive,5,0,0,0,0,0,0,0
37869,positive,5,1,0,1,1,1,1,1
37875,positive,4,1,0,1,0,0,0,0
37924,positive,4,1,0,1,1,0,0,0
37956,positive,5,0,0,1,1,1,1,0
37958,negative,1,1,0,0,0,0,0,0
37970,negative,1,1,0,1,0,0,0,0
38028,positive,5,0,0,1,1,0,0,0
38081,positive,5,1,0,1,1,1,0,0
38098,negative,1,1,0,0,0,0,0,0
38126,neutral,2,1,0,1,1,0,1,0
38179,positive,4.5,1,1,1,1,1,1,1
38184,positive,5,1,0,1,1,1,0,1
38196,negative,1,0,0,1,0,0,0,0
38215,negative,1,1,0,1,0,0,0,0
38233,negative,1,1,0,0,0,0,0,0
38247,positive,5,0,1,1,1,1,0,0
38265,negative,1,1,1,1,1,1,1,1
38266,positive,4,0,0,1,1,0,1,0
38272,negative,1,0,0,0,0,0,1,0
38287,negative,1,1,0,0,1,1,1,1
38311,positive,4,0,0,0,1,1,0,1
38324,positive,5,0,0,1,0,0,0,0
38339,positive,5,0,0,1,0,1,0,0
38370,positive,5,0,0,0,1,1,0,0
38384,negative,1,0,0,1,0,0,0,1
38407,positive,5,0,0,1,1,1,0,1
38415,positive,5,0,0,1,1,1,0,1
38416,positive,5,0,0,1,1,1,0,0
38443,positive,4,0,0,1,1,1,1,0
38520,negative,1,0,0,1,0,0,0,1
38615,positive,5,0,0,1,1,1,0,0
38659,positive,5,0,0,1,1,1,0,0
38675,positive,5,0,0,1,1,1,0,0
38678,neutral,3,0,0,1,1,1,0,0
38745,positive,5,1,0,1,1,1,0,0
38800,positive,5,0,0,1,0,0,0,0
38820,negative,1,0,0,1,1,1,0,1
38872,positive,5,0,0,1,1,1,0,1
38883,positive,5,0,0,1,0,0,0,0
38897,neutral,3,0,0,1,0,0,0,0
38935,positive,5,0,0,0,0,1,0,0
38961,positive,5,0,1,1,1,1,0,0
38983,positive,5,0,0,1,1,1,0,0
39009,positive,5,0,1,1,1,1,0,1
39072,negative,2,0,1,1,0,1,0,1
39086,positive,4,1,1,1,1,1,0,0
39094,positive,5,1,1,1,0,0,0,0
39160,positive,4,1,0,0,0,0,0,0
39349,positive,5,1,1,1,1,1,0,1
39379,positive,4,1,0,1,1,1,0,0
39387,positive,4,0,0,0,0,1,0,0
39406,positive,5,0,0,1,0,1,0,0
39424,positive,4,1,0,1,0,0,1,0
39430,positive,5,1,0,1,1,1,0,0
39449,positive,4,1,1,1,1,1,1,0
39456,positive,4,0,0,1,1,1,1,0
39552,positive,5,0,0,1,0,1,1,1
39707,negative,1,1,0,0,0,0,0,0
39725,positive,5,0,0,1,0,1,0,0
39729,positive,5,0,0,1,0,0,0,0
39776,positive,5,0,0,1,0,0,0,0
39783,negative,1,1,0,0,0,1,0,0
39803,positive,5,1,0,1,1,1,0,0
39806,positive,4,0,0,1,1,1,0,0
39840,neutral,3,1,0,0,0,1,0,1
39846,positive,4,0,0,1,0,0,1,0
39866,positive,4,0,0,1,0,1,0,1
39911,positive,4,0,0,1,1,1,0,0
39967,positive,5,0,0,1,1,1,1,0
40030,positive,4,1,0,1,1,1,1,0
40082,positive,4,1,0,1,1,1,1,1
40148,positive,5,1,1,1,1,1,0,1
40149,positive,5,0,0,1,1,1,0,0
40154,positive,5,0,0,1,1,1,0,0
40172,neutral,3,0,1,1,1,1,1,0
40192,positive,4,1,1,1,1,1,0,1
40226,positive,5,0,0,1,0,0,0,0
40291,positive,5,1,1,1,1,1,0,1
40298,positive,5,1,1,1,1,0,0,1
40316,positive,5,0,1,0,1,1,0,1
40335,negative,2,1,0,1,0,1,0,1
40348,negative,2,1,0,1,0,0,0,0
40371,positive,4,0,1,1,1,1,0,1
40391,negative,1,1,1,0,0,1,0,1
40406,positive,5,0,1,1,1,1,0,1
40408,positive,5,0,1,1,1,1,0,1
40488,positive,5,0,0,1,1,1,0,1
40544,positive,5,1,0,1,0,1,1,0
40549,positive,4,0,0,1,1,1,1,1
40554,positive,4,0,0,1,1,1,1,1
40655,positive,5,0,0,1,1,1,0,1
40660,positive,4,0,1,1,1,1,0,1
40672,positive,5,0,0,1,1,1,0,1
40743,positive,5,1,1,1,1,1,0,1
40897,positive,5,1,0,0,1,0,0,0
40932,positive,4,1,0,1,1,1,0,0
40936,positive,5,0,0,0,0,0,0,0
40965,positive,5,1,0,0,0,0,0,0
41007,positive,5,1,0,1,1,1,0,0
41025,positive,5,1,0,0,1,0,0,0
41026,positive,5,1,0,1,1,1,0,0
41062,positive,5,1,0,1,1,1,0,0
41133,negative,2,0,0,1,1,0,0,0
41138,positive,5,1,0,1,1,1,0,1
41154,negative,2,1,0,0,1,1,0,0
41199,positive,4.5,1,1,1,1,1,0,1
41246,positive,4,1,0,0,1,1,1,0
41320,positive,5,1,0,1,1,0,0,0
41331,positive,4,1,0,1,1,1,1,0
41382,negative,1,0,0,0,0,0,0,0
41422,positive,5,0,0,0,1,0,0,0
41436,negative,1,1,0,0,0,0,0,1
41457,positive,4,0,0,1,1,1,0,1
41478,negative,2,0,0,1,1,1,0,1
41544,negative,1,0,0,1,1,1,0,1
41564,positive,5,0,0,1,0,0,0,0
41582,negative,1,1,0,0,0,0,0,1
41584,neutral,3,0,1,1,1,1,1,1
41653,positive,5,0,0,1,1,1,0,1
41657,positive,4,0,0,1,0,1,0,1
41683,neutral,3,1,0,1,1,1,0,0
41739,positive,5,0,0,1,0,0,0,0
41743,positive,4,1,0,1,0,1,1,1
41823,positive,4,1,0,0,0,0,0,0
41825,positive,5,1,0,0,0,0,0,0
41870,positive,5,1,1,1,0,0,0,0
41902,positive,5,1,1,1,0,0,0,0
41928,positive,5,1,1,1,0,0,1,0
41972,neutral,3,0,0,1,0,0,0,0
42012,positive,5,1,1,1,0,0,0,0
42025,positive,5,1,1,1,0,0,0,0
42033,positive,5,1,1,0,0,0,0,0
42076,positive,5,1,1,1,1,1,0,1
42096,negative,1,1,0,1,0,0,0,0
42125,positive,5,0,0,0,1,0,0,1
42181,positive,4,1,1,1,0,1,0,0
42183,negative,1,1,0,0,0,0,0,0
42193,positive,4,1,0,1,1,1,0,0
42207,positive,4,0,0,1,0,1,1,1
42215,negative,1,1,0,0,0,0,0,1
42221,positive,4,0,1,1,1,1,1,0
42362,positive,5,0,1,1,1,1,1,0
42368,positive,4,0,0,1,1,0,0,0
42384,positive,5,0,1,1,1,1,1,1
42461,negative,1,1,0,0,0,0,0,0
42471,positive,4,1,1,0,1,1,1,0
42498,negative,1,1,0,0,0,0,0,0
42508,positive,4,0,0,0,1,1,0,0
42522,positive,5,0,1,0,1,1,1,0
42536,positive,5,0,1,1,1,1,1,0
42543,negative,1,1,0,1,0,0,0,1
42553,positive,4.5,1,1,1,1,1,1,0
42599,positive,5,1,1,1,1,1,1,0
42603,positive,4,0,0,1,1,1,0,1
42641,negative,1,0,0,0,0,0,0,0
42678,positive,5,0,0,1,0,0,0,0
42680,positive,5,0,0,1,0,0,1,0
42689,positive,5,1,1,1,1,1,1,0
42729,positive,4,1,1,1,1,1,0,0
42767,positive,4,1,1,1,0,0,1,0
42801,positive,5,1,0,1,1,1,0,0
42810,negative,2,0,0,1,0,0,1,0
42813,negative,2,0,0,1,0,0,0,0
42880,positive,4,1,1,1,1,1,0,0
42887,positive,4,0,1,1,1,1,0,1
42892,positive,5,0,0,1,1,1,0,1
42917,negative,1,0,0,0,0,0,0,0
42929,positive,5,1,1,1,1,0,0,0
42932,positive,5,1,1,1,1,1,0,0
42944,negative,1,1,0,0,0,0,0,0
42967,negative,2,1,0,1,0,0,1,1
43003,negative,1,0,0,0,0,0,0,0
43044,negative,1,1,0,1,0,0,0,0
43068,positive,5,0,1,1,1,0,0,0
43106,positive,5,1,0,0,0,0,0,0
43109,negative,1,0,0,0,0,0,0,0
43132,positive,4,1,0,0,0,0,0,0
43143,positive,5,1,1,1,1,1,0,0
43176,positive,4,1,1,1,1,1,1,0
43189,negative,1,1,0,0,0,1,0,1
43201,positive,4,1,0,1,1,1,0,1
43207,negative,1,1,0,0,0,1,0,0
43216,positive,5,1,0,1,0,0,0,0
43264,positive,5,0,0,1,1,0,1,0
43277,positive,4,1,1,1,1,1,1,1
43390,negative,1,1,0,1,0,1,0,1
43514,positive,4,1,0,1,0,1,0,0
43565,positive,4,1,1,1,1,1,0,0
43569,negative,2,1,0,1,0,1,1,0
43600,negative,1,1,0,1,0,0,0,1
43657,negative,2,0,0,1,0,0,0,1
43682,positive,5,0,1,1,1,1,0,1
43683,positive,5,0,0,1,0,0,0,0
43689,negative,1,0,0,0,0,0,1,0
43704,negative,1,0,0,1,0,0,0,0
43717,positive,5,1,0,1,0,0,0,0
43750,negative,1,1,0,0,0,0,0,0
43779,positive,5,1,1,1,1,1,0,0
43816,negative,1,0,0,1,0,0,0,0
43865,negative,1,0,0,0,0,0,0,0
43869,positive,4,1,1,1,1,0,1,0
43874,positive,4.5,1,0,1,1,1,1,0
43885,negative,1,1,0,0,0,0,0,1
43901,negative,1,1,0,0,0,0,0,0
44011,positive,4,0,1,1,1,1,0,0
44038,neutral,3,1,1,1,0,0,1,0
44039,positive,5,1,0,0,1,0,0,0
44075,negative,1,1,0,0,0,0,0,0
44145,negative,1,1,0,0,0,1,0,0
44147,positive,4,1,1,1,1,1,1,1
44152,positive,5,0,1,1,0,0,0,0
44224,positive,4,1,1,1,1,0,1,0
44254,positive,4,0,1,0,0,0,1,0
44260,positive,5,1,1,1,1,1,1,1
44336,positive,4,1,1,1,1,1,1,0
44379,positive,4,0,1,0,0,0,0,0
44417,positive,5,1,1,1,1,1,1,0
44436,negative,1,0,0,1,1,0,1,0
44481,positive,4,0,0,1,1,1,0,1
44502,negative,1,1,0,0,0,0,0,0
44506,positive,5,0,0,1,1,0,0,0
44523,negative,2,1,0,1,1,0,0,0
44535,negative,1,1,0,0,0,0,0,0
44544,negative,1,1,0,1,0,0,0,1
44548,positive,4,0,0,1,1,1,1,1
44568,negative,1,1,0,1,1,0,0,1
44586,positive,4,0,0,0,0,0,0,0
44591,neutral,3,1,0,0,1,1,0,0
44613,positive,4,0,0,0,1,1,1,0
44637,negative,1,1,0,0,0,0,0,0
44689,positive,4,1,0,0,0,0,1,0
44701,neutral,3,1,0,0,0,0,0,0
44706,negative,2,1,0,0,0,0,0,0
44718,positive,4,0,0,1,1,1,0,0
44735,positive,4,1,1,1,1,1,0,0
44777,positive,4,0,0,1,1,0,0,0
44789,positive,5,0,0,0,1,1,0,1
44811,positive,5,1,1,1,1,1,1,0
44830,positive,5,1,0,1,1,1,1,1
44852,negative,1,1,0,1,0,0,0,0
44860,positive,5,0,0,1,1,1,0,0
44865,positive,4,0,1,1,1,0,0,0
44916,positive,4,1,1,1,0,0,0,0
44929,negative,1,1,0,0,0,0,1,0
44954,positive,4,0,0,1,1,1,1,1
44959,positive,5,0,1,1,1,1,0,1
45095,negative,1,1,0,0,0,1,0,0
45101,positive,4,0,1,1,1,1,0,1
45143,positive,4,1,0,1,1,0,1,0
45153,positive,4,1,0,0,0,0,1,0
45170,negative,2,0,0,1,0,1,1,1
45202,positive,4,1,0,1,0,0,0,0
45225,negative,1,1,0,0,0,0,0,0
45288,positive,5,0,0,0,0,0,0,0
45347,positive,5,0,1,1,0,0,0,0
45370,positive,5,0,0,1,0,0,0,0
45371,positive,5,0,1,1,0,0,0,0
45375,positive,4.5,1,1,1,0,0,0,0
45394,positive,5,0,1,1,1,0,0,0
45403,positive,5,1,1,1,0,0,0,0
45452,positive,5,1,1,1,1,0,1,0
45504,positive,4,1,1,1,1,1,0,1
45517,positive,4,1,1,1,1,1,1,0
45552,positive,4,0,1,1,0,1,0,0
45580,positive,5,0,0,1,0,0,0,0
45629,positive,5,0,0,0,0,0,0,0
45635,positive,5,0,0,0,0,0,0,0
45643,positive,5,0,0,1,0,0,1,0
45649,positive,5,0,1,1,0,0,0,0
45663,positive,5,1,0,1,0,0,0,0
45718,positive,4.5,1,1,1,0,0,0,0
45745,positive,4,1,0,0,0,0,0,0
45753,neutral,3,0,0,0,0,0,0,0
45770,positive,4,0,1,1,1,1,0,0
45777,positive,4,0,0,1,0,0,0,0
45826,positive,5,1,1,1,1,1,0,0
45830,positive,4,0,0,1,0,0,0,0
45871,negative,1,0,0,0,0,0,1,0
45927,positive,4,1,1,1,1,1,1,0
45940,positive,4,0,0,0,1,0,0,0
45946,positive,5,0,0,0,0,0,0,0
45979,negative,1,1,0,1,0,0,0,0
46037,positive,5,0,0,1,0,0,0,0
46052,positive,5,0,0,0,0,0,0,0
46070,positive,4,1,1,1,1,1,0,0
46077,negative,2,0,0,1,0,0,0,0
46103,neutral,3,0,1,0,0,0,0,0
46107,positive,4,0,1,1,1,0,0,0
46139,negative,1,1,0,0,0,0,0,0
46184,positive,5,1,1,1,0,0,0,0
46230,positive,5,1,0,1,1,0,0,0
46234,positive,4,0,0,1,0,0,1,0
46250,positive,5,1,0,1,1,0,0,0
46280,positive,4,0,1,1,1,0,1,0
46295,positive,4,1,1,1,0,0,0,0
46315,negative,2,0,0,1,0,0,0,0
46326,positive,4,1,1,1,1,0,1,0
46399,neutral,3,1,1,1,1,1,1,0
46431,negative,1,1,0,0,0,0,0,0
46556,positive,4,0,0,0,1,0,0,0
46584,positive,4,1,0,0,1,1,1,0
46620,positive,4,0,1,1,1,1,0,0
46622,positive,4,1,1,1,1,1,0,0
46646,positive,4,1,0,0,1,1,0,0
46659,neutral,3,1,0,1,1,0,0,1
46681,positive,4,1,1,1,1,0,1,0
46706,positive,4,0,1,1,1,1,0,0
46719,negative,1,0,0,0,0,0,1,0
46744,positive,5,0,0,0,0,0,0,0
46763,positive,5,1,0,1,1,0,1,1
46771,negative,1,1,0,1,0,1,0,1
46798,neutral,3,1,0,0,0,0,0,0
46799,positive,4,1,1,1,1,0,0,0
46803,positive,4,1,1,1,1,0,1,0
46808,negative,1,1,0,0,0,0,0,0
46820,negative,1,0,0,0,0,0,0,0
46916,negative,1,1,0,0,0,0,0,0
47006,positive,4,0,1,0,0,1,0,0
47013,negative,1,1,0,0,0,0,0,0
47023,negative,2,1,1,1,0,0,0,0
47036,negative,1,1,0,0,0,0,0,0
47081,positive,5,1,1,1,1,1,1,0
47187,positive,5,0,1,1,1,1,0,0
47196,positive,5,0,1,0,0,1,1,1
47198,positive,5,1,1,1,1,1,1,0
47201,neutral,3,0,0,0,0,0,0,1
47217,positive,5,0,1,0,1,0,0,0
47245,positive,4,1,1,1,1,0,1,0
47249,positive,4,1,1,1,1,1,1,0
47252,negative,2,1,1,1,1,0,0,0
47256,negative,1,1,0,0,0,1,0,0
47391,positive,5,1,0,1,1,0,0,0
47409,positive,4,1,1,1,1,1,1,0
47462,positive,5,0,0,1,0,0,1,0
47497,positive,4,0,1,1,1,0,1,0
47522,positive,4,0,1,1,1,0,1,1
47547,negative,1,1,0,0,0,1,0,0
47604,positive,4,0,0,0,0,0,0,1
47614,positive,4,1,1,1,1,1,1,1
47621,positive,5,0,1,1,1,1,1,1
47646,negative,1,0,0,1,0,1,0,1
47691,positive,4,0,0,1,1,1,0,1
47698,positive,5,1,0,1,1,1,1,1
47700,positive,4,0,0,1,0,1,0,1
47721,positive,5,1,0,1,0,0,1,0
47799,negative,2,1,0,0,0,0,0,0
47806,neutral,3,0,0,0,0,0,0,0
47812,positive,4,1,1,1,1,1,0,0
47826,positive,5,1,1,1,1,1,1,0
47934,positive,5,0,1,1,1,1,0,1
48005,neutral,3,1,0,0,0,0,1,0
48073,positive,5,1,0,1,1,1,1,0
48084,positive,5,1,0,1,1,1,1,1
48089,positive,4,0,0,1,0,0,1,0
48205,positive,4,1,0,1,0,0,1,0
48207,negative,1,1,0,0,0,0,0,0
48307,positive,4,0,0,0,0,0,0,0
48325,negative,1,1,0,0,0,0,0,0
48391,positive,5,0,0,1,0,0,1,0
48393,negative,1,1,0,1,0,0,0,0
48412,positive,4,1,0,0,1,1,0,0
48413,positive,4,1,0,1,1,0,0,0
48444,positive,5,1,0,1,1,1,1,1
48445,positive,5,1,0,1,1,1,1,1
48459,positive,5,1,1,1,1,1,1,0
48495,negative,1,1,0,0,0,0,0,0
48499,positive,4,0,0,1,1,1,0,0
48568,neutral,3,1,0,1,1,1,0,0
48576,positive,5,1,0,0,0,0,0,0
48591,positive,5,1,1,1,1,1,0,1
48597,positive,4,0,0,1,1,0,1,0
48622,positive,5,1,1,1,1,1,1,1
48626,positive,5,1,0,0,1,0,0,0
48629,negative,1,1,0,1,0,0,0,0
48639,positive,5,1,0,1,1,1,0,0
48654,negative,2,1,0,1,1,1,1,1
48668,positive,4.5,0,0,1,1,1,0,0
48709,positive,5,0,0,1,1,1,1,0
48757,positive,5,1,0,1,1,1,1,0
48802,positive,5,1,0,1,1,1,1,0
48822,positive,5,1,0,0,1,0,0,0
48827,positive,5,1,0,0,1,0,0,0
48892,negative,2,0,0,0,1,0,1,0
48903,positive,4.5,1,1,1,1,1,1,0
48930,positive,5,1,0,1,1,1,1,0
49010,positive,5,0,0,1,1,1,0,0
49121,positive,5,1,0,0,1,0,0,0
49145,positive,5,1,0,1,1,1,0,0
49164,positive,5,1,1,1,1,1,0,0
49173,neutral,3,1,1,1,0,1,0,0
49178,positive,5,1,1,1,1,0,0,0
49197,positive,4,1,1,1,1,0,0,0
49343,negative,1,1,0,0,0,1,0,0
49374,positive,4,1,1,1,1,0,1,0
49397,neutral,3,1,1,1,1,1,0,1
49406,negative,1,0,0,0,0,1,1,0
49429,positive,4,1,1,1,1,1,0,1
49438,positive,4,1,1,1,1,0,1,0
49440,negative,1,0,0,0,0,0,1,0
49488,negative,1,0,0,0,0,0,0,0
49522,negative,2,1,0,1,0,1,0,0
49544,negative,2,1,0,1,0,1,0,0
49590,negative,1,1,0,0,0,1,0,0
49621,positive,5,0,0,0,0,0,0,0
49634,positive,4,1,0,1,1,0,0,1
49664,positive,5,1,1,1,1,1,0,1
49735,positive,5,1,0,1,1,0,1,0
49789,positive,4,0,0,1,1,0,0,0
49840,positive,4,0,1,1,0,1,1,1
49862,positive,4,1,1,1,1,1,1,1
49878,positive,4,1,0,1,1,1,1,0
49879,positive,5,1,0,1,0,0,1,0
49923,positive,5,0,0,0,0,0,1,0
49951,negative,1,1,0,0,0,0,0,0
49953,positive,4,1,1,1,1,1,0,0
49977,positive,4,1,0,1,0,1,1,0
49991,positive,4,1,1,1,0,0,1,0
50071,positive,4,1,0,1,0,0,0,0
50113,negative,1,0,0,1,0,0,1,0
50168,positive,4,0,0,1,0,0,0,1
50170,positive,4,0,0,1,1,0,1,0
50177,positive,5,1,0,0,0,0,1,0
50194,neutral,3,1,0,0,0,1,1,1
50230,negative,1,1,0,0,0,0,0,0
50251,positive,5,0,1,0,0,1,1,0
50258,positive,5,0,1,1,1,1,1,0
50322,positive,5,0,0,1,0,1,1,1
50374,positive,5,0,0,1,0,1,1,0
50396,neutral,3,1,0,0,0,0,1,0
50438,positive,5,0,0,1,0,0,0,0
50460,positive,5,1,0,1,0,0,1,0
50473,positive,5,0,0,0,0,0,0,0
50483,positive,4,1,1,1,1,1,1,0
50570,positive,5,0,0,0,0,0,0,0
50576,neutral,3,0,0,0,1,1,0,1
50591,positive,5,0,0,1,1,0,0,0
50607,negative,1,1,0,0,0,0,0,0
50608,negative,0,1,0,0,0,1,0,1
50657,negative,1,1,0,0,0,0,1,0
50684,neutral,3,1,1,0,1,1,0,0
50692,negative,2,1,0,0,0,0,0,0
50721,neutral,3,1,1,0,0,0,1,0
50743,positive,5,1,0,0,1,0,0,0
50840,positive,4,1,1,1,1,0,1,0
50853,negative,1,1,0,0,0,0,0,0
50954,negative,1,1,0,0,0,0,0,0
50984,positive,5,1,0,1,1,0,0,0
50990,positive,4,1,0,0,1,0,0,0
51003,positive,5,0,1,1,1,1,1,1
51031,positive,5,1,1,1,1,1,1,1
51056,negative,1,0,1,0,0,0,0,0
51096,positive,5,0,0,0,1,0,0,0
51152,positive,4,0,0,1,0,0,0,0
51169,positive,4,1,0,1,1,0,0,0
51231,positive,5,1,0,1,1,1,1,1
51284,positive,5,0,1,1,1,1,0,1
51341,negative,1,1,0,0,0,0,0,0
51428,negative,1,1,0,1,0,0,0,0
51469,positive,4,1,0,0,0,0,0,0
51482,positive,4,1,0,1,1,0,1,0
51489,positive,4,1,0,1,1,0,1,0
51586,positive,4,1,1,1,1,1,1,0
51699,negative,1,1,0,0,0,0,0,0
51720,positive,5,1,1,1,1,1,1,1
51768,negative,1,1,0,0,1,0,0,0
51840,positive,5,0,1,1,1,1,1,1
51841,positive,4,0,0,1,0,0,1,0
51887,positive,5,1,1,1,1,1,1,0
51892,positive,5,1,1,1,1,1,1,0
51942,positive,4,0,1,0,1,1,0,0
51972,positive,5,1,0,0,0,0,0,0
52006,positive,5,0,1,1,1,1,0,0
52021,negative,1,1,0,0,0,0,0,1
52051,positive,5,1,1,1,1,1,1,0
52052,positive,4,1,1,1,1,1,1,1
52121,positive,5,1,1,1,1,0,1,0
52304,positive,4,1,1,1,1,0,1,0
52310,positive,5,1,0,1,0,1,1,0
52322,positive,5,0,0,1,0,0,0,0
52326,neutral,3,1,0,0,1,0,1,0
52372,positive,5,1,0,1,0,0,1,0
52431,negative,1,0,0,0,0,0,1,0
52458,negative,1,1,0,0,0,0,0,0
52459,negative,1,1,0,0,0,0,0,0
52484,positive,4,1,0,1,0,0,1,0
52493,positive,5,1,0,1,0,1,1,0
52506,positive,5,1,0,1,0,1,1,0
52635,positive,5,1,0,1,0,1,1,1
52637,positive,4,1,0,0,0,0,0,0
52663,neutral,3,1,0,0,1,1,1,0
52687,positive,4,1,1,1,1,1,1,0
52738,positive,4,1,0,1,0,0,0,0
52743,positive,5,0,0,1,0,0,0,0
52760,positive,5,0,0,0,1,1,0,0
52812,positive,5,1,0,1,1,1,0,0
52820,positive,5,0,0,1,0,0,0,1
52863,positive,4,1,0,1,1,1,0,1
52871,positive,4,1,1,1,1,1,1,0
52902,positive,4,1,0,1,1,1,0,1
52938,neutral,3,1,0,1,1,0,0,0
52972,positive,4,0,0,1,0,1,0,1
53013,positive,4,1,0,1,1,1,0,0
53081,negative,1,0,0,0,0,0,0,0
53126,negative,1,1,0,0,1,1,1,0
53127,negative,1,0,0,0,0,0,1,0
53133,negative,2,1,1,1,1,1,1,1
53136,positive,5,1,1,1,1,1,1,0
53152,negative,1,0,0,0,0,1,0,1
53172,negative,2,0,0,1,1,1,0,0
53173,negative,1,1,0,0,0,1,0,1
53185,positive,5,1,0,1,0,1,0,0
53188,positive,5,1,0,0,0,0,1,0
53193,positive,5,1,0,1,1,0,1,0
53195,positive,5,1,0,1,1,1,0,0
53213,positive,5,1,0,1,1,1,0,1
53231,positive,4,0,0,1,1,1,0,1
53291,positive,5,0,0,1,1,0,0,0
53402,positive,5,1,0,1,1,1,0,1
53457,neutral,3,0,0,1,1,1,0,0
53488,positive,4,0,1,1,0,0,0,0
53553,positive,5,0,0,1,1,1,0,1
53627,negative,1,1,0,1,0,0,0,0
53665,positive,5,0,0,1,0,0,0,0
53686,positive,5,1,0,1,1,0,0,0
53692,positive,4,1,1,1,1,1,0,1
53728,negative,2,0,0,1,0,0,0,0
53754,neutral,3,1,0,0,1,0,0,0
53773,positive,5,1,0,0,1,0,0,0
53827,positive,5,1,0,0,0,0,0,0
53869,positive,5,1,0,0,0,0,0,0
53872,positive,5,0,0,0,0,0,0,0
53987,positive,4,1,1,1,1,1,0,1
53991,negative,2,0,0,1,0,0,0,1
54044,positive,5,0,0,1,1,1,0,0
54060,positive,5,0,0,1,1,0,0,0
54081,positive,5,1,0,1,1,1,0,0
54090,neutral,3,0,0,1,0,1,0,1
54125,positive,5,0,0,1,0,0,0,0
54141,positive,4,1,0,1,1,1,1,0
54160,positive,5,1,1,1,1,1,1,1
54164,positive,5,1,0,1,1,1,1,1
54175,negative,1,1,0,0,0,0,0,0
54192,negative,1,1,0,0,0,0,0,0
54202,negative,1,1,1,1,1,1,1,1
54241,negative,2,0,0,1,0,0,0,1
54243,positive,4,0,0,1,1,1,0,1
54259,negative,2,0,0,0,1,1,0,1
54298,positive,4,1,1,1,1,1,0,1
54376,neutral,3,1,0,1,1,0,0,0
54426,negative,1,1,0,0,0,1,0,0
54489,positive,4,1,0,1,1,1,0,0
54546,neutral,3,0,1,0,1,1,0,1
54568,positive,5,0,0,1,1,1,0,1
54582,positive,5,1,0,0,0,0,0,0
54641,negative,1,1,0,0,0,0,0,0
54663,positive,4,0,0,0,0,0,1,0
54699,positive,4,1,1,0,1,1,0,0
54790,positive,5,1,0,0,1,1,1,0
54853,negative,2,0,0,1,1,1,0,0
54870,positive,4,0,0,0,0,1,0,1
54995,positive,5,1,0,1,1,1,1,0
55016,positive,4,0,0,1,0,0,0,0
55020,neutral,3,1,1,1,0,1,0,1
55039,positive,5,1,1,1,1,1,0,1
55057,positive,4,1,0,1,1,1,1,1
55061,positive,4,1,0,1,1,1,1,0
55081,positive,4,1,0,1,1,0,0,0
55123,negative,2,0,0,1,0,0,0,0
55172,positive,4,1,0,1,1,0,0,0
55197,positive,5,1,0,1,1,1,0,0
55245,positive,4,1,0,1,1,0,1,0
55262,negative,1,0,0,1,0,0,0,0
55263,positive,4.5,1,0,1,1,1,0,1
55319,neutral,3,1,0,0,0,0,0,0
55363,positive,4,1,0,1,1,1,0,1
55375,positive,5,1,0,0,0,1,0,0
55417,positive,5,1,0,1,1,1,1,0
55460,positive,5,1,0,1,1,1,0,0
55558,positive,5,1,0,1,1,1,0,1
55583,positive,4,1,1,0,1,1,0,1
55598,positive,5,1,0,0,1,0,0,0
55671,positive,5,1,0,0,1,0,0,0
55684,neutral,3,1,0,1,0,0,0,0
55709,positive,5,1,1,1,0,0,1,0
55714,positive,5,1,1,1,1,1,0,0
55829,neutral,3,0,0,0,0,0,0,0
55859,positive,5,1,1,1,1,1,1,0
55864,positive,5,1,0,0,1,0,1,0
55874,positive,5,1,1,1,1,0,0,0
55898,positive,4,1,1,1,1,0,0,0
55947,positive,5,1,1,1,1,1,0,0
55999,positive,5,1,1,1,1,1,0,1
56016,positive,5,1,0,1,1,1,0,0
56027,negative,1,1,0,1,0,1,0,1
56029,positive,5,1,0,0,0,0,0,0
56065,positive,5,1,0,1,1,1,0,0
56073,positive,4,1,0,1,1,1,0,1
56133,positive,4,1,1,1,1,1,0,1
56189,positive,5,1,0,1,1,1,0,1
56244,positive,4,1,1,1,1,1,1,0
56307,positive,5,1,0,0,0,0,0,0
56330,positive,4,1,0,0,1,1,0,0
56342,positive,5,1,0,0,0,0,0,0
56353,positive,5,1,0,0,0,0,0,0
56400,positive,5,1,0,1,1,0,0,0
56408,positive,4,1,0,0,1,0,0,0
56420,positive,5,1,1,1,1,1,0,1
56423,positive,5,1,0,1,1,1,0,1
56476,positive,5,1,0,1,1,0,0,0
56480,positive,5,1,0,1,1,0,0,0
56490,positive,4,1,0,1,1,1,0,0
56499,positive,4,1,1,0,1,0,0,0
56511,neutral,3,0,0,1,0,0,0,0
56517,positive,5,1,1,1,1,1,0,1
56542,positive,5,1,0,0,1,0,0,0
56565,positive,5,1,1,1,1,1,0,1
56589,negative,1,0,0,1,1,0,0,1
56602,positive,5,0,1,1,1,1,1,0
56679,positive,5,0,1,1,1,1,1,1
56684,positive,4,1,1,1,1,1,0,1
56706,positive,4,1,0,1,1,1,0,1
56723,positive,5,0,0,1,0,1,0,1
56734,positive,5,0,0,1,0,1,0,0
56737,positive,5,0,0,1,0,0,0,0
56756,positive,5,1,0,1,1,1,0,0
56765,positive,5,1,0,1,0,0,0,0
56779,positive,5,0,0,1,1,1,0,0
56805,positive,5,0,0,1,1,0,0,0
56842,negative,1,0,0,0,0,0,0,0
56848,positive,4,0,1,1,1,1,0,1
56860,positive,4,0,1,1,1,1,0,1
56868,positive,5,1,0,1,1,0,0,0
56950,positive,4,0,1,1,0,1,1,1
56972,positive,5,1,1,1,1,1,0,0
56975,positive,5,0,0,0,1,0,0,0
57019,positive,5,0,0,0,0,0,0,0
57043,positive,5,1,0,1,1,1,0,0
57135,positive,5,1,0,1,1,0,0,0
57165,positive,4,1,0,0,0,0,0,0
57177,positive,5,1,0,1,1,0,0,0
57180,positive,5,1,0,0,0,0,0,0
57210,positive,4,1,1,0,0,1,1,1
57235,positive,5,0,0,0,1,0,1,0
57285,positive,5,1,0,0,0,0,0,0
57286,positive,5,1,0,0,1,0,0,1
57300,positive,5,0,0,0,1,0,0,0
57351,positive,5,1,1,0,1,1,1,1
57388,negative,1,1,0,0,0,0,0,0
57407,positive,5,0,1,1,1,0,0,0
57412,negative,2,0,1,1,1,1,0,1
57462,positive,5,1,1,1,1,0,1,0
57477,positive,5,1,1,1,1,1,1,1
57491,negative,1,0,0,1,0,0,0,0
57524,negative,1,1,0,0,0,0,0,1
57589,positive,4,0,0,0,0,0,0,0
57649,positive,4,1,1,0,1,1,1,1
57658,negative,2,1,1,0,1,1,0,1
57685,positive,5,1,1,1,1,1,1,1
57722,positive,4.5,1,0,1,1,1,1,1
57754,positive,4,0,0,1,1,0,1,0
57795,positive,5,1,0,1,1,1,0,0
57844,positive,5,1,0,1,1,0,0,0
57849,positive,4,1,0,1,1,0,0,0
57867,positive,5,1,0,1,1,1,0,1
57906,positive,5,1,0,0,1,0,1,0
57945,positive,5,1,0,1,1,1,1,1
57962,positive,5,1,0,1,1,0,0,0
57976,positive,5,1,0,0,1,0,0,0
58001,positive,5,1,0,0,1,0,0,0
58013,positive,5,1,0,1,1,1,0,0
58054,positive,5,1,0,1,1,1,1,1
58064,positive,5,1,1,1,1,1,1,1
58108,positive,5,1,1,1,1,1,1,1
58150,neutral,3,1,0,1,1,0,1,0
58157,positive,5,0,0,1,0,0,1,0
58161,positive,5,1,1,1,1,1,1,1
58177,positive,5,1,0,1,1,1,1,1
58187,positive,5,0,0,1,0,0,0,0
58215,positive,5,0,0,0,1,0,0,0
58221,positive,5,1,1,1,1,1,0,0
58294,negative,1,0,0,1,0,0,0,1
58408,positive,4,0,0,1,1,1,0,0
58416,positive,5,1,1,1,1,1,0,0
58431,positive,4,0,0,1,1,1,0,1
58448,positive,4,1,1,1,1,1,0,1
58488,positive,5,1,1,1,1,1,0,0
58504,positive,4,0,0,1,1,1,0,0
58509,positive,4,1,1,1,1,1,0,0
58529,negative,1,0,0,0,0,0,0,1
58570,positive,4,0,1,0,0,0,0,0
58636,positive,5,1,1,1,1,1,0,1
58651,positive,5,1,1,1,1,1,0,1
58692,positive,4,0,0,1,1,0,0,0
58750,positive,4,0,0,1,0,0,0,0
58788,positive,5,1,0,1,1,0,1,0
58803,positive,5,1,0,1,1,0,1,0
58864,positive,4.5,0,0,1,1,0,0,1
58870,positive,5,0,0,1,1,1,0,0
58901,positive,5,1,1,1,1,1,0,1
58928,positive,5,0,0,0,1,0,0,0
58956,positive,5,0,0,0,0,0,0,0
58959,positive,5,0,1,1,1,1,0,1
58963,positive,5,0,0,1,1,0,0,0
58993,positive,5,1,1,1,1,1,0,1
59037,negative,1,1,0,0,0,0,0,0
59089,positive,5,0,1,0,1,1,0,1
59101,negative,1,1,1,0,0,0,0,1
59102,positive,4,1,0,1,1,1,1,0
59144,positive,4,1,1,1,1,1,1,0
59152,positive,5,0,0,0,0,0,0,0
59156,positive,4,0,0,1,1,1,1,1
59173,positive,5,0,1,1,1,1,0,0
59177,positive,4,1,0,0,0,0,0,0
59222,positive,5,1,0,1,1,1,0,0
59263,positive,4,1,0,0,1,1,0,0
59299,positive,4,0,0,0,0,1,0,0
59367,neutral,3,0,0,1,1,1,0,0
59377,positive,4,0,0,0,1,1,1,1
59383,positive,4,0,1,1,1,1,0,1
59414,positive,5,0,0,1,1,1,0,0
59419,positive,5,1,1,1,1,1,0,1
59438,positive,4,1,0,1,1,1,0,0
59454,positive,4,0,0,1,1,0,0,0
59489,negative,1,1,0,0,0,0,0,0
59520,negative,1,1,0,0,0,0,0,0
59544,negative,1,1,0,0,0,0,0,1
59566,positive,4,0,1,1,1,1,0,1
59571,negative,1,1,0,0,0,0,0,0
59607,positive,4,1,0,1,1,1,0,1
59610,positive,4,1,0,1,1,0,0,0
59657,positive,5,0,0,0,1,0,0,0
59666,positive,5,0,0,0,1,0,0,0
59683,positive,3,1,0,1,1,1,1,0
59720,positive,5,0,0,1,0,0,0,0
59735,positive,5,0,0,1,1,0,0,0
59746,positive,4,1,0,1,0,0,1,0
59772,positive,4,1,0,1,1,0,1,1
59805,positive,5,0,0,1,1,0,0,0
59829,positive,5,0,1,1,1,1,0,1
59857,positive,5,0,1,1,1,1,1,0
59868,positive,5,0,0,0,1,0,0,0
59879,positive,5,0,1,1,1,1,0,1
59898,positive,5,0,0,0,1,0,0,0
59910,positive,5,0,0,1,1,1,1,0
59933,positive,5,0,1,1,1,1,1,0
59943,positive,4,1,0,1,1,1,0,0
60012,positive,4,1,0,1,1,0,1,0
60031,positive,5,0,0,1,1,1,1,0
60061,positive,5,0,0,0,1,0,0,0
60114,negative,1,0,0,0,0,0,0,0
60141,positive,4,1,1,1,1,1,0,1
60204,negative,1,1,0,0,0,1,0,0
60233,neutral,3,0,0,1,1,1,0,1
60282,negative,1,0,0,1,0,0,0,0
60289,positive,5,0,0,1,1,0,0,0
60296,negative,1,1,0,0,0,1,0,1
60312,positive,5,1,0,0,1,0,1,0
60330,positive,5,0,0,0,1,0,0,0
60364,positive,5,0,0,1,1,0,1,0
60382,positive,5,0,1,1,1,1,1,1
60383,positive,4,0,0,0,1,1,1,0
60402,positive,4,1,0,0,1,0,0,0
60439,positive,5,0,0,0,1,0,0,0
60474,neutral,3,0,0,1,1,1,0,0
60482,positive,4,0,0,1,1,1,0,0
60528,positive,5,0,0,1,1,0,1,0
60538,positive,5,1,0,1,1,0,1,0
60601,positive,5,0,1,1,1,0,0,0
60602,positive,5,1,1,1,1,0,1,0
60630,positive,5,1,0,0,1,0,1,0
60659,positive,4,1,1,1,1,0,1,0
60661,positive,5,1,1,1,1,1,1,1
60666,positive,5,1,0,0,1,0,1,0
60667,negative,1,1,0,0,0,0,0,0
60727,positive,5,0,0,0,1,0,0,0
60736,negative,1,1,0,0,0,0,0,0
60750,positive,4,1,0,1,1,0,0,0
60844,positive,5,1,1,1,1,0,0,0
60943,positive,4,1,0,0,1,0,0,0
60948,positive,5,0,0,0,1,0,0,0
61042,positive,5,1,1,1,1,1,1,1
61051,positive,5,0,0,0,1,0,1,0
61059,positive,5,1,0,1,1,1,1,0
61071,positive,5,0,1,0,1,0,0,1
61099,neutral,3,0,0,1,1,0,1,1
61109,negative,2,0,0,0,0,1,0,0
61160,positive,5,0,0,0,1,0,0,0
61161,positive,4,1,0,1,1,1,0,0
61166,negative,1,0,0,0,0,1,0,1
61177,positive,5,0,0,0,1,1,1,0
61178,negative,1,1,0,0,0,1,1,0
61198,positive,5,0,0,1,1,1,0,0
61216,positive,5,0,0,1,1,1,1,1
61230,positive,5,1,1,1,1,1,1,1
61255,positive,5,1,0,1,1,1,1,1
61323,negative,1,1,0,0,0,1,1,0
61376,negative,2,0,0,0,1,0,1,0
61427,positive,5,0,0,1,1,1,0,1
61463,negative,1,1,0,1,0,0,1,0
61575,positive,5,0,0,0,0,0,0,1
61577,positive,5,0,0,0,1,1,0,1
61599,positive,5,1,1,1,1,1,0,1
61630,positive,5,0,1,1,1,1,0,1
61664,negative,1,0,0,0,0,1,0,0
61737,positive,5,1,1,1,1,1,1,1
61741,positive,4,0,0,0,1,1,1,1
61772,positive,5,1,1,1,1,1,1,1
61834,positive,5,1,0,1,1,1,0,0
61852,positive,4,0,0,1,1,0,0,0
61921,positive,5,1,0,0,0,0,0,0
61931,negative,1,0,0,0,0,1,0,1
61936,positive,4,0,0,0,1,1,0,0
61957,positive,4,1,0,0,1,0,0,0
61960,neutral,3,1,1,1,1,1,1,0
61981,positive,4,1,0,0,0,1,0,0
61995,positive,5,1,0,1,0,0,0,0
62019,neutral,3,0,0,0,0,0,0,0
62125,negative,2,1,0,1,0,0,0,0
62140,negative,1,1,0,0,0,0,0,0
62146,positive,5,0,1,1,1,1,0,0
62151,negative,2,1,0,1,0,0,1,0
62182,positive,4,0,0,1,1,1,0,0
62187,positive,5,0,0,1,1,1,1,0
62189,positive,5,1,1,1,1,1,1,0
62221,negative,1,1,0,0,0,0,0,0
62222,positive,4,1,0,1,1,1,1,1
62267,negative,1,1,0,0,0,0,0,1
62320,positive,5,0,1,1,1,1,1,1
62325,positive,5,0,0,1,0,0,0,0
62352,positive,4,0,1,1,0,0,0,0
62420,positive,5,1,0,0,0,0,0,0
62446,positive,5,1,0,0,1,0,0,0
62490,positive,5,1,0,1,0,0,1,0
62497,positive,4,1,0,1,0,0,1,0
62513,positive,5,1,0,1,1,0,1,0
62528,positive,5,1,0,1,1,1,0,0
62597,positive,4,0,0,1,0,0,0,0
62609,positive,5,1,0,1,0,0,1,0
62637,positive,5,1,0,1,1,1,1,0
62668,positive,5,1,0,0,0,0,0,0
62679,positive,5,0,0,0,0,0,0,0
62683,positive,4,1,0,0,0,0,0,0
62786,positive,5,1,0,0,0,0,0,0
62818,positive,4,1,0,0,0,0,1,0
62826,positive,4,1,0,0,0,0,0,0
62879,positive,4,0,1,1,0,0,1,0
62933,neutral,3,1,0,1,0,0,1,0
62947,negative,1,1,0,0,0,0,0,0
62950,positive,4,1,1,1,1,1,0,1
62972,positive,4,1,0,0,0,1,0,0
63018,positive,4,1,1,1,1,1,0,0
63106,positive,5,1,0,1,0,1,0,0
63116,negative,1,1,0,0,1,0,0,1
63189,positive,4,0,0,1,1,0,0,0
63221,positive,4,1,0,1,1,0,1,0
63225,positive,4,1,1,1,0,0,0,0
63226,positive,4,1,1,1,1,0,0,0
63229,neutral,3,1,1,1,1,1,1,0
63267,positive,4,1,1,1,1,1,1,0
63289,positive,4,1,1,1,1,1,0,0
63329,neutral,3,1,0,0,0,0,0,0
63334,positive,4,1,0,1,1,0,1,0
63341,positive,4,1,1,1,1,1,0,0
63371,negative,1,1,0,1,0,0,0,0
63374,positive,5,1,1,1,1,1,0,0
63392,positive,5,1,0,0,0,0,0,0
63419,positive,4,1,0,1,1,1,0,0
63472,negative,1,0,1,0,1,1,0,1
63486,neutral,3.5,1,1,1,1,1,1,0
63561,neutral,3,0,1,0,0,1,1,0
63566,positive,5,1,1,1,1,1,1,0
63587,negative,1,1,0,0,0,0,0,0
63601,positive,4,1,1,1,1,1,1,0
63653,neutral,3,0,1,0,0,0,0,0
63660,negative,2,1,1,1,0,0,0,0
63678,negative,1,0,0,0,0,0,0,0
63751,positive,5,1,1,1,1,1,0,1
63793,positive,4,0,0,1,0,0,1,0
63806,positive,4,0,0,1,0,0,0,0
63829,negative,2,0,0,0,0,0,1,0
63902,positive,4,0,0,1,0,1,0,0
63940,positive,4,1,0,1,0,1,1,0
63955,positive,4,1,1,1,1,1,0,0
63970,positive,4,0,0,1,1,1,1,0
64031,positive,5,0,0,1,1,1,0,0
64051,positive,5,0,0,1,1,1,1,1
64053,positive,5,0,0,0,0,0,0,0
64057,positive,5,0,0,0,1,1,0,0
64062,positive,5,0,0,1,0,1,0,0
64086,negative,2,0,0,0,0,1,0,1
64092,positive,4,1,0,1,1,1,0,0
64107,positive,4,0,0,1,1,1,0,0
64154,positive,4,1,1,1,1,1,1,0
64201,negative,2,0,1,1,0,1,1,1
64225,positive,4,1,0,1,1,1,1,1
64228,positive,5,1,1,1,1,1,1,0
64302,positive,5,1,0,1,1,0,1,1
64336,positive,5,1,1,1,1,1,1,1
64356,positive,4,1,1,1,1,1,1,1
64471,positive,5,0,0,0,0,0,0,0
64478,positive,4,1,0,1,1,1,0,1
64490,positive,5,1,0,1,1,0,0,0
64497,negative,2,1,0,1,0,1,0,1
64545,positive,4,1,0,1,0,0,1,0
64636,neutral,3,0,0,1,0,1,1,0
64642,neutral,3,1,0,1,1,0,1,0
64656,positive,5,1,0,1,0,0,0,0
64712,positive,5,1,0,1,1,1,0,1
64722,positive,5,1,0,1,1,1,1,0
64727,positive,5,1,0,1,1,1,1,0
64734,positive,4,1,0,1,0,0,0,0
64748,positive,5,1,0,1,1,0,0,0
64786,positive,5,1,0,1,1,0,1,0
64804,positive,5,1,0,1,0,0,1,0
64830,positive,5,1,0,1,1,0,1,0
64845,negative,1,0,0,1,0,1,0,0
64860,positive,5,0,0,1,1,1,0,1
64863,positive,4,0,0,1,1,0,0,0
64894,positive,4,1,0,1,0,0,0,0
64932,positive,5,0,0,1,1,0,0,0
64949,positive,5,1,0,1,0,0,0,0
64954,positive,5,1,0,1,0,0,0,0
64968,positive,5,1,0,1,0,0,0,0
64978,positive,5,1,0,1,1,0,0,0
64997,positive,4,1,0,1,1,1,1,0
65033,positive,4,1,0,1,1,1,1,1
65097,positive,4,0,0,1,0,0,0,0
65102,positive,5,0,0,1,0,0,0,0
65124,positive,5,1,0,1,1,1,0,0
65159,neutral,3,1,1,0,1,1,0,0
65168,positive,5,1,0,0,0,1,0,0
65183,positive,4,1,0,0,0,0,0,0
65229,positive,5,1,0,0,0,0,0,0
65319,positive,5,1,0,0,0,1,0,0
65381,positive,5,1,0,1,1,0,0,0
65413,positive,5,1,0,1,1,0,0,0
65429,positive,5,1,0,1,1,0,0,0
65434,negative,1,0,0,0,0,0,0,0
65436,positive,5,1,0,0,1,1,1,0
65445,positive,4,1,0,1,1,1,1,0
65454,negative,1,0,0,0,0,0,0,0
65468,positive,4,1,0,0,1,0,0,0
65520,positive,4,0,0,0,0,0,0,0
65557,positive,4,1,0,0,0,0,1,0
65602,positive,5,0,0,1,1,0,0,0
65646,positive,4,1,0,1,1,1,0,0
65684,negative,2,1,0,0,0,1,0,1
65757,neutral,3,0,0,0,0,0,0,0
65794,positive,5,0,0,1,0,0,1,0
65823,positive,5,1,0,1,0,0,0,0
65841,positive,5,0,1,1,1,1,1,1
65843,positive,5,0,0,1,0,0,1,0
65874,positive,5,0,1,1,1,1,1,1
65921,positive,5,0,0,1,0,0,1,0
66004,negative,2,0,0,1,0,0,1,0
66056,positive,4,1,0,1,0,0,1,1
66075,positive,4,0,0,1,1,1,1,0
66096,positive,5,0,0,1,1,0,1,0
66139,positive,5,1,1,1,1,1,0,1
66207,neutral,3,0,0,1,1,0,0,0
66235,positive,4.5,1,0,0,0,0,1,0
66237,negative,1,0,1,0,0,1,0,0
66252,positive,5,1,0,0,0,0,0,0
66256,positive,5,1,1,1,1,1,0,0
66267,positive,5,1,1,1,1,1,0,0
66280,positive,5,1,1,1,1,1,0,0
66349,positive,4,1,1,1,1,1,0,0
66362,positive,4.5,1,1,1,1,1,0,0
66393,positive,5,1,1,1,1,1,0,1
66412,positive,5,1,1,1,1,1,0,1
66504,negative,2,1,0,1,0,0,0,0
66526,positive,4,0,0,1,1,0,0,0
66537,positive,4,1,1,1,1,1,0,1
66540,positive,5,0,0,1,1,0,0,1
66557,positive,4,0,1,1,1,1,0,0
66587,neutral,3,0,1,1,1,1,1,1
66612,positive,4,1,0,1,0,1,0,0
66658,positive,4.5,1,1,1,0,0,0,0
66659,positive,4,1,0,1,1,0,1,0
66674,negative,2,1,0,1,0,0,1,0
66692,positive,5,1,1,1,1,1,1,0
66706,positive,5,1,0,1,0,0,0,0
66739,positive,5,1,0,1,0,1,1,0
66745,negative,2,0,0,1,0,0,0,0
66783,positive,4,0,0,1,0,0,0,0
66825,negative,1,1,0,0,0,0,0,0
66828,negative,2,0,0,0,1,1,1,0
66913,positive,4,0,1,1,1,1,0,0
66922,positive,4,0,0,1,1,1,1,0
66934,positive,5,1,0,1,1,0,0,0
66975,positive,5,1,1,1,1,1,0,0
66976,positive,4,1,0,1,1,1,1,0
66989,positive,5,1,0,1,1,1,1,1
67001,positive,4,1,1,1,1,1,1,1
67098,positive,4,1,1,1,1,1,1,0
67121,positive,4,1,1,1,0,1,1,0
67134,positive,5,1,0,1,1,0,1,0
67137,positive,5,1,0,1,1,0,1,0
67148,positive,5,1,0,1,1,1,1,0
67159,positive,5,1,1,1,1,1,1,1
67204,positive,5,1,1,1,1,1,1,1
67300,neutral,3,0,0,1,0,1,0,0
67310,positive,5,0,1,1,1,1,1,1
67319,positive,5,0,0,1,0,0,0,0
67361,positive,5,1,0,1,1,1,1,0
67382,positive,4,1,0,1,1,1,1,0
67412,positive,5,1,1,1,1,1,1,1
67429,positive,5,1,1,1,1,1,1,0
67434,positive,4,1,1,1,1,1,1,0
67521,negative,3,1,0,1,1,1,0,0
67541,positive,5,0,1,1,0,0,0,0
67602,positive,5,0,1,1,1,1,0,0
67615,positive,5,1,1,1,1,1,1,0
67633,positive,5,1,1,1,1,1,1,1
67649,positive,5,0,0,0,0,0,0,0
67658,negative,1,0,0,0,0,0,1,0
67664,positive,5,1,1,1,0,0,0,0
67671,positive,4,1,1,1,0,0,0,0
67707,neutral,3,0,1,1,0,1,0,0
67710,positive,4,1,0,1,0,0,0,0
67719,positive,5,1,1,1,1,0,0,0
67725,negative,1,0,0,0,0,0,0,0
67730,positive,5,1,1,1,1,1,0,1
67764,positive,4,0,1,1,0,1,0,0
67786,negative,1,1,0,0,0,0,0,0
67800,negative,1,1,0,0,0,0,0,1
67811,positive,4,0,0,1,0,0,1,1
67830,positive,4,1,0,1,1,1,1,1
67851,negative,1,1,0,1,0,0,1,0
67864,positive,5,1,1,1,1,1,1,1
67868,negative,1,0,0,0,0,1,0,1
67877,positive,4,0,0,1,0,1,0,1
67895,positive,4,1,1,1,1,1,0,0
67989,positive,4,0,0,1,1,1,1,1
68007,positive,4,0,0,1,1,1,1,0
68024,positive,5,0,1,1,0,1,0,1
68049,positive,5,1,0,1,0,0,1,0
68111,positive,5,1,0,1,0,1,0,0
68118,positive,4,1,0,0,0,0,1,0
68213,positive,4,0,1,1,0,0,0,0
68218,negative,1,1,0,1,0,0,1,0
68311,positive,4,1,0,1,0,0,0,0
68320,positive,5,1,1,0,1,0,0,0
68381,positive,5,1,1,1,1,1,1,1
68451,positive,4,0,0,0,0,0,0,0
68475,negative,2,1,0,1,0,1,1,0
68506,positive,4,0,1,1,1,1,0,1
68517,positive,4,1,0,1,1,0,1,1
68520,negative,1,1,0,0,0,0,1,0
68600,positive,4,0,0,1,0,0,0,0
68747,neutral,3,0,0,0,0,0,0,0
68826,positive,5,0,0,1,0,0,1,0
68855,positive,4,0,0,1,1,0,1,0
68873,positive,5,1,0,1,1,1,1,0
68959,positive,5,1,0,1,1,1,1,0
68986,positive,5,1,0,1,0,0,1,0
68998,positive,5,0,0,1,1,1,0,0
69018,positive,5,0,0,1,0,0,1,0
69040,positive,4,0,0,1,0,1,1,0
69088,negative,1,1,0,0,0,0,0,0
69108,positive,5,1,1,1,1,0,0,0
69149,positive,4,1,0,1,0,1,1,1
69157,negative,1,0,0,0,1,0,0,0
69190,negative,1,0,0,0,0,1,0,1
69218,positive,5,1,0,1,0,1,1,1
69237,positive,5,1,1,1,0,1,1,1
69247,negative,2,0,0,1,0,1,1,1
69251,positive,4.5,0,0,1,0,1,1,1
69267,positive,4.5,0,0,1,0,0,0,0
69301,positive,5,0,0,0,0,0,0,0
69311,positive,5,0,0,1,1,1,1,1
69331,negative,1,1,0,0,0,0,0,0
69352,positive,4,1,1,1,1,0,0,0
69357,neutral,3,1,0,1,1,0,0,0
69360,positive,4,1,1,1,0,0,1,0
69384,positive,4,1,0,1,1,0,1,0
69481,positive,4.5,1,1,1,1,1,1,0
69598,positive,5,1,1,1,1,1,0,0
69634,positive,5,1,1,1,1,1,1,0
69642,positive,5,0,0,1,0,0,0,0
69649,positive,5,1,1,1,1,1,1,0
69677,positive,4,1,0,1,0,0,0,0
69680,positive,4,1,1,1,1,0,1,0
69693,negative,1,1,0,0,0,0,0,0
69746,positive,5,1,1,1,1,1,0,0
69770,positive,5,0,0,1,0,0,0,0
69773,neutral,3,0,0,1,0,0,0,0
69806,negative,2,1,0,1,0,1,0,1
69813,positive,5,0,0,1,1,1,0,0
69823,positive,5,0,0,1,1,1,0,0
69863,positive,5,0,0,1,1,1,0,0
69875,negative,2,1,0,1,0,0,1,1
69882,positive,5,0,0,1,0,0,0,0
69926,positive,5,0,0,1,1,0,0,0
69936,positive,5,0,0,1,0,0,0,0
70009,negative,2,0,1,1,0,1,0,1
70034,positive,4,0,0,1,0,0,0,0
70045,negative,1,1,0,0,0,0,0,0
70100,positive,4,1,0,1,1,0,0,0
70126,negative,2,0,0,1,0,1,0,0
70136,positive,5,1,0,1,1,0,0,0
70156,positive,4.5,0,0,1,1,1,0,0
70184,positive,5,1,0,1,1,1,0,0
70257,positive,5,0,0,1,0,0,0,0
70284,positive,5,1,0,1,1,1,0,1
70316,positive,4.5,0,1,1,1,1,0,0
70352,negative,2,0,0,1,1,0,0,1
70366,positive,5,0,0,1,0,0,0,0
70376,negative,1,1,0,1,0,0,0,0
70453,positive,5,0,1,1,1,1,0,1
70465,positive,5,0,0,1,1,1,1,1
70472,negative,2,0,0,1,1,1,1,1
70477,neutral,0,0,0,0,0,0,0,0
70573,positive,5,0,0,1,1,0,0,0
70589,negative,1,0,0,0,0,0,0,0
70606,neutral,3,0,0,0,0,0,0,0
70635,positive,4,1,1,1,1,1,1,1
70696,negative,2,0,0,1,0,1,1,0
70714,positive,5,0,0,0,1,0,0,0
70734,positive,5,0,0,1,0,0,0,0
70764,negative,1,1,0,0,0,0,0,0
70765,negative,0,1,0,0,0,0,0,0
70799,positive,5,1,0,0,1,1,0,0
70822,positive,5,1,0,1,0,0,0,0
70898,positive,4,0,1,0,1,0,0,0
71008,positive,5,1,0,1,1,1,0,1
71019,positive,5,1,0,1,0,0,1,0
71037,positive,5,0,0,1,0,0,0,0
71068,positive,5,1,1,1,1,1,1,1
71105,positive,4,0,1,1,1,1,1,1
71126,negative,1,1,0,0,0,1,0,0
71140,negative,2,1,0,1,0,1,0,1
71157,negative,1,1,0,0,0,1,1,1
71167,positive,5,0,1,1,0,1,1,1
71168,positive,4,0,0,1,0,0,0,0
71228,negative,1,1,0,0,0,0,0,0
71247,positive,5,0,0,1,1,0,0,0
71286,negative,1,1,0,0,0,0,0,0
71299,positive,4.5,1,0,1,1,1,0,0
71308,negative,1,1,0,0,0,0,0,0
71365,positive,4,1,0,1,0,0,0,0
71375,positive,5,0,0,1,1,1,0,1
71430,positive,4,0,1,1,1,1,0,1
71481,negative,1,1,0,1,0,1,0,1
71535,positive,4,0,0,1,0,1,0,0
71536,positive,4,0,0,1,1,1,1,1
71539,neutral,3,0,0,1,0,0,0,0
71546,positive,4,0,0,1,0,1,0,0
71562,positive,5,0,1,1,0,1,0,1
71605,negative,1,0,0,1,0,0,0,0
71631,positive,4,0,1,1,0,1,1,1
71666,positive,4,1,0,1,1,1,1,1
71675,positive,4,1,1,1,1,1,1,0
71683,negative,1,0,0,0,0,0,0,0
71710,positive,5,1,0,1,0,0,0,0
71744,positive,5,0,0,1,0,0,0,1
71745,positive,4,1,1,1,1,1,1,1
71797,positive,5,0,0,1,0,0,0,0
71801,positive,4,1,1,1,1,0,1,0
71848,positive,5,0,0,1,1,0,0,0
71871,negative,1,1,0,0,0,0,0,0
71886,positive,4,1,0,1,1,1,1,1
71899,positive,4,1,0,1,1,0,1,0
71917,positive,4,1,0,1,0,0,0,0
71958,neutral,3,1,0,1,1,0,0,0
71993,positive,4,1,1,1,1,1,0,1
72009,negative,2,1,1,1,1,1,1,0
72032,positive,5,1,1,1,1,1,1,1
72039,positive,5,0,0,1,1,1,0,1
72057,positive,5,1,0,1,1,1,0,0
72063,neutral,2,0,0,0,0,0,0,0
72205,positive,4,1,1,1,1,1,0,1
72217,positive,5,0,0,1,1,0,0,0
72259,neutral,3,0,0,1,1,1,0,1
72261,positive,5,0,0,1,1,1,0,1
72266,positive,5,0,0,1,1,1,0,1
72333,positive,4,0,0,0,1,1,0,1
72448,positive,5,1,0,1,1,1,1,1
72472,positive,5,1,0,1,1,0,1,0
72500,positive,5,0,0,1,1,0,0,0
72527,positive,5,0,0,1,1,0,0,1
72537,positive,4,1,0,1,1,0,0,1
72550,positive,5,0,0,1,1,1,0,0
72554,positive,5,1,0,1,1,1,0,0
72592,negative,2,0,0,1,1,1,0,0
72599,positive,4,0,0,0,1,1,1,0
72613,positive,5,0,0,1,1,1,0,1
72664,positive,4,1,0,1,1,1,1,1
72772,positive,4,0,0,1,0,0,1,0
72782,negative,1,0,0,0,0,1,0,1
72854,positive,4,0,0,1,0,0,1,0
72856,neutral,3,1,1,1,1,1,1,0
72858,negative,1,0,0,0,0,0,0,0
72885,positive,4,0,1,1,0,0,0,0
72917,negative,2,0,0,1,0,1,0,0
72963,positive,5,0,1,1,1,1,0,0
72966,positive,5,1,1,1,1,1,0,1
72971,positive,4,0,0,1,1,1,0,1
73043,negative,1,1,0,1,1,1,0,1
73080,positive,4,1,0,1,1,0,0,0
73083,negative,1,0,0,1,0,0,0,0
73104,positive,4,0,1,0,0,1,1,0
73177,negative,2,0,0,1,1,1,0,1
73202,positive,5,1,0,1,1,0,0,0
73221,positive,5,1,1,1,1,0,0,0
73267,positive,5,1,1,1,1,1,1,0
73277,positive,5,1,0,1,1,1,0,0
73283,positive,4.5,1,1,1,1,1,1,1
73299,negative,1,1,0,0,0,0,0,1
73345,positive,5,1,0,1,1,0,1,0
73413,positive,4,1,1,1,1,1,0,0
73439,positive,4,1,1,1,0,1,1,1
73460,positive,5,1,1,1,1,0,0,0
73475,negative,1,1,0,0,0,1,0,0
73498,negative,1,0,0,1,1,1,0,1
73532,negative,1,0,0,1,0,0,0,0
73614,positive,5,0,0,1,1,1,1,1
73627,neutral,3,1,0,0,0,1,0,1
73671,negative,1,1,0,1,0,1,1,1
73678,positive,4,0,1,1,0,0,1,0
73697,positive,4,0,1,0,1,1,0,1
73738,negative,1,1,1,0,0,0,0,0
73794,negative,0,1,0,0,0,0,0,0
73839,positive,4,0,1,0,0,0,0,0
73840,positive,5,0,0,0,0,0,0,0
73871,positive,4,1,0,0,0,0,0,0
73920,negative,1,1,0,0,0,0,0,0
73980,negative,1,1,0,0,0,0,0,0
74017,positive,5,0,0,1,1,1,0,0
74028,negative,2,1,0,1,1,1,0,1
74030,positive,5,0,0,0,0,0,0,0
74052,negative,1,1,0,1,0,1,0,1
74126,positive,4,0,0,1,0,1,0,1
74143,positive,4,0,0,1,0,1,0,1
74197,positive,5,0,1,1,1,1,1,0
74209,positive,5,1,0,1,0,0,0,0
74284,positive,4,0,0,0,0,0,0,0
74316,positive,4,0,1,1,1,1,1,1
74332,positive,5,0,0,1,1,1,0,0
74336,positive,5,0,0,1,0,0,0,0
74346,positive,5,0,0,1,0,0,0,0
74350,positive,5,0,0,1,0,0,0,0
74361,positive,5,0,0,1,0,0,0,0
74373,positive,5,0,0,1,0,0,0,0
74390,positive,5,0,0,1,0,0,0,0
74400,positive,5,0,0,1,1,1,0,0
74420,neutral,0,0,0,0,0,0,0,0
74428,positive,5,1,0,1,1,1,0,0
74443,positive,5,1,0,1,1,1,0,0
74453,positive,5,0,0,1,1,1,0,1
74477,positive,4,0,0,1,0,0,0,0
74485,negative,2,0,0,0,1,0,0,0
74515,positive,5,0,0,0,0,0,0,0
74517,positive,5,0,0,1,0,0,0,1
74533,positive,5,0,1,1,1,1,0,0
74538,positive,5,1,1,1,1,1,0,0
74541,positive,5,1,1,1,1,1,1,1
74546,positive,4,1,0,1,1,0,0,0
74603,neutral,3,1,0,1,0,1,0,0
74643,neutral,3,0,0,1,0,0,0,0
74660,neutral,3,0,0,1,0,0,0,0
74676,negative,1,1,0,0,0,0,0,0
74739,negative,1,1,0,0,0,0,0,1
74776,neutral,3,0,0,1,0,1,0,1
74815,negative,1,1,0,0,0,0,0,0
74829,positive,4,0,0,1,1,1,0,0
74836,positive,5,0,0,1,1,1,1,1
74844,positive,5,1,1,1,1,1,1,1
74849,positive,5,1,0,1,1,1,1,0
74896,positive,5,0,0,1,1,1,1,0
74910,positive,4,1,1,1,1,1,0,0
74955,positive,4,1,1,1,1,1,1,0
74998,negative,2,1,0,1,0,1,0,0
75018,positive,4,0,1,1,1,0,1,1
75035,negative,1,1,1,0,0,0,0,0
75062,positive,5,1,1,0,1,1,0,0
75073,positive,4,0,1,1,1,1,0,0
75105,positive,4,0,0,1,0,0,0,0
75108,positive,4,0,0,1,0,0,0,0
75111,positive,5,0,0,1,0,0,0,0
75120,positive,5,0,0,1,1,1,0,0
75133,positive,5,0,0,1,0,0,0,0
75153,positive,5,0,0,1,1,0,0,0
75163,positive,5,1,1,1,1,1,0,0
75195,positive,5,0,0,1,0,1,0,0
75230,positive,5,0,0,1,1,1,0,1
75258,positive,4,1,0,1,1,1,0,0
75262,positive,4,0,0,1,1,0,1,0
75294,positive,5,0,0,1,1,1,1,0
75302,positive,5,0,0,0,0,0,0,0
75357,positive,5,1,0,1,1,1,1,1
75359,positive,5,1,0,1,1,1,0,1
75428,positive,5,1,0,1,1,1,1,0
75440,positive,5,0,0,1,0,1,1,0
75443,negative,2,1,0,1,0,0,0,0
75458,positive,5,0,0,1,1,1,0,0
75518,neutral,4,1,0,1,1,1,0,0
75554,positive,5,1,0,1,0,0,0,0
75577,positive,5,0,0,1,0,0,0,0
75597,positive,5,0,0,1,0,0,0,0
75639,positive,5,0,0,0,0,0,0,0
75727,positive,4,0,0,1,1,1,1,0
75734,positive,5,0,0,1,0,1,1,0
75736,positive,5,0,1,1,1,1,1,0
75743,positive,5,0,0,1,1,1,1,0
75786,positive,5,0,0,1,1,1,0,0
75842,positive,5,1,1,1,1,1,1,0
75864,positive,5,1,0,1,0,1,0,1
75875,positive,4,0,0,1,1,0,1,0
75935,negative,2,1,0,0,0,0,0,0
76013,negative,2,1,0,1,1,1,1,1
76019,positive,5,0,1,1,1,1,1,0
76020,neutral,3,1,0,1,1,1,1,1
76028,positive,5,1,0,0,1,0,1,0
76037,positive,4.5,1,0,1,1,1,1,1
76043,positive,4,1,0,1,1,1,0,0
76044,positive,4,0,0,1,1,1,0,0
76099,positive,5,0,0,0,0,1,0,0
76107,negative,1,1,0,1,1,1,0,0
76143,positive,5,0,0,1,1,1,1,0
76151,positive,5,0,0,1,1,1,1,1
76199,neutral,3,1,0,1,0,0,1,0
76213,positive,4,0,0,1,1,1,1,1
76222,positive,4,0,0,1,1,0,0,0
76246,positive,4,0,0,1,1,1,0,0
76291,positive,4,0,0,1,1,0,1,0
76343,positive,4,0,0,1,0,1,1,1
76383,positive,5,0,1,0,0,1,0,1
76451,neutral,3,0,1,1,1,1,1,1
76481,positive,4,0,0,1,1,1,0,1
76501,positive,5,0,0,1,1,0,1,1
76524,positive,5,0,0,1,1,0,1,0
76529,positive,5,0,0,1,0,0,1,0
76530,positive,5,0,0,1,0,1,1,0
76557,positive,5,0,1,1,1,0,1,0
76585,negative,1,1,0,1,0,0,0,0
76590,negative,2,1,0,1,0,1,0,1
76609,positive,4.5,1,0,1,1,1,0,1
76617,positive,5,0,0,1,0,1,0,1
76675,positive,5,1,0,1,1,1,0,0
76680,positive,5,1,0,0,0,0,1,0
76693,positive,5,0,0,1,0,1,0,0
76744,positive,5,1,0,1,1,1,1,0
76755,positive,5,0,0,1,0,0,0,0
76830,positive,4,0,0,1,1,0,0,0
76836,negative,1,1,0,0,1,0,0,1
76920,negative,2,0,0,1,1,1,0,0
76929,neutral,2,0,1,1,0,1,0,1
76933,positive,4,0,0,1,0,0,0,0
76978,positive,5,0,1,1,1,1,1,1
76990,negative,0,1,0,0,0,0,0,0
77041,positive,4,1,0,1,0,0,0,0
77049,negative,1,1,0,0,1,1,0,1
77089,negative,1,1,0,0,0,0,0,0
77162,neutral,3,0,0,0,1,0,0,0
77175,positive,4,0,1,1,1,1,1,0
77178,neutral,3,0,0,0,0,1,0,0
77212,positive,4,0,0,0,1,1,0,0
77228,positive,4,1,0,0,1,0,0,0
77243,negative,1,1,0,0,0,0,0,0
77248,positive,4,1,1,1,1,1,1,0
77253,positive,4,1,0,1,1,0,0,0
77327,positive,5,1,1,1,1,0,1,0
77409,positive,5,1,1,1,1,0,1,0
77414,positive,5,1,0,1,1,0,1,0
77473,negative,1,1,0,0,0,1,0,0
77582,positive,4,1,0,1,0,0,1,0
77588,positive,5,1,0,1,1,0,1,0
77627,positive,4,0,0,1,1,0,0,0
77635,positive,5,1,0,1,1,0,0,0
77657,positive,4,1,0,1,1,0,1,0
77670,positive,4.5,1,1,1,1,0,1,0
77677,positive,4,1,0,1,1,0,0,0
77692,positive,5,1,1,1,1,1,1,0
77705,positive,4,0,0,0,1,0,0,0
77737,positive,5,1,1,1,1,1,1,1
77797,positive,5,1,0,0,1,0,0,0
77818,positive,5,1,0,1,1,0,0,0
77822,positive,5,1,1,1,1,1,0,1
77846,positive,4,1,1,1,1,1,1,0
77847,positive,4,1,1,1,1,1,0,0
77855,positive,5,1,1,1,1,1,0,0
77885,positive,5,1,1,1,1,1,1,0
77925,positive,4,0,1,0,0,1,0,0
77947,positive,4,1,1,1,1,1,0,0
78004,positive,5,1,1,1,1,0,0,0
78075,positive,5,1,0,0,1,1,0,1
78154,neutral,3,0,0,1,1,1,1,0
78175,positive,4,1,1,1,1,1,1,0
78208,positive,4.5,1,1,1,1,0,1,0
78225,positive,4,1,0,1,0,0,1,0
78239,positive,4,1,1,1,1,0,0,0
78241,positive,5,1,1,1,1,1,0,0
78248,positive,4,0,0,1,1,0,0,0
78261,positive,4,1,1,1,1,0,0,0
78281,positive,4,1,1,1,1,1,0,0
78297,positive,4,1,1,1,1,1,1,0
78309,negative,2,0,0,1,0,1,1,1
78355,positive,4,0,0,1,1,1,1,1
78373,positive,4,1,1,1,1,0,1,0
78377,positive,4,1,0,1,1,0,1,0
78426,positive,4,1,0,1,1,1,1,0
78504,positive,4,1,1,1,1,1,1,0
78520,positive,5,0,1,1,1,1,1,1
78603,positive,5,1,1,1,1,1,1,1
78650,neutral,3,0,1,1,1,1,0,0
78667,negative,1,0,0,0,0,0,0,0
78669,positive,4,0,0,0,0,1,0,0
78709,positive,5,1,0,1,0,0,0,0
78761,neutral,3,0,0,1,0,1,1,0
78786,negative,1,1,0,1,0,0,0,0
78816,neutral,3,1,0,1,1,1,0,0
78818,positive,4,1,0,1,0,1,1,0
78843,negative,1,1,0,0,0,1,0,0
78845,positive,4,0,0,1,1,0,1,0
78852,negative,1,1,0,0,0,1,0,0
78859,negative,1,1,0,0,0,0,0,0
78904,positive,5,1,0,0,0,0,0,0
78908,positive,5,1,1,1,1,1,0,1
78935,negative,2,1,0,1,0,0,1,0
79016,positive,5,1,1,1,0,0,1,0
79050,negative,1,1,0,0,0,0,1,0
79055,positive,5,0,1,0,1,1,0,1
79078,negative,1,1,0,1,0,0,0,1
79098,negative,3,1,1,1,1,1,0,0
79166,negative,1,1,0,0,0,0,0,0
79194,negative,1,1,0,1,0,0,0,1
79196,positive,5,0,0,1,0,1,0,0
79262,positive,4,0,0,1,0,1,0,0
79266,negative,0,1,0,0,0,0,1,0
79293,positive,5,1,0,1,0,0,0,0
79316,positive,5,1,0,1,0,0,0,0
79317,positive,5,0,0,0,0,0,0,0
79323,positive,4,1,0,1,0,0,0,1
79332,positive,5,1,0,0,0,0,0,0
79393,negative,1.5,1,0,0,0,0,0,0
79426,positive,4,1,0,0,0,0,0,0
79454,positive,5,0,1,0,1,1,1,0
79458,positive,5,0,1,1,1,1,0,0
79495,positive,4,1,1,1,1,1,1,1
79521,positive,4,1,0,1,1,1,1,0
79654,positive,4,1,1,0,1,0,1,0
79663,positive,4,1,0,0,0,0,0,0
79711,positive,4,0,0,1,1,0,0,0
79723,negative,1,1,0,0,0,0,0,0
79729,positive,5,1,0,0,1,0,0,0
79743,positive,5,0,0,1,1,0,0,0
79802,positive,5,1,0,1,1,1,1,1
79816,positive,5,1,1,1,1,1,1,1
79843,negative,1,1,0,0,1,0,0,0
79847,negative,1,0,0,0,1,0,0,0
79848,negative,1,1,0,0,0,0,0,0
79889,positive,4,1,0,0,1,1,0,0
79903,positive,4,1,0,1,1,1,0,0
79938,positive,5,1,0,1,1,0,1,0
79949,positive,5,1,1,1,1,1,1,0
80025,positive,4,1,0,1,0,0,1,0
80084,positive,5,1,1,1,1,1,1,0
80087,positive,4,1,1,1,1,1,1,1
80105,positive,4,0,0,0,1,1,0,0
80127,positive,4,0,0,0,1,1,1,1
80132,positive,4,1,0,1,1,1,1,0
80171,negative,1,1,0,0,0,0,0,0
80202,positive,4,0,0,1,1,0,0,0
80223,positive,4,0,0,0,1,1,1,1
80390,positive,5,0,0,1,1,0,0,0
80451,positive,4.5,0,0,0,1,1,0,1
80452,positive,5,1,1,1,1,1,1,1
80476,positive,5,1,0,0,0,1,1,1
80526,positive,5,0,0,1,0,0,1,0
80549,positive,4,0,1,1,0,0,1,0
80555,positive,5,0,0,1,0,0,0,0
80559,positive,5,0,0,1,0,0,0,0
80561,positive,4,0,0,1,0,0,0,0
80669,neutral,3,1,1,1,0,0,1,0
80686,positive,5,0,0,1,1,0,0,0
80702,negative,1,1,0,0,0,0,0,0
80795,negative,2,0,0,1,0,0,0,0
80855,negative,2,1,1,1,0,0,0,0
80914,positive,5,1,0,1,1,1,0,0
80927,negative,1,0,0,1,0,0,0,0
80929,positive,5,0,1,1,1,0,0,0
80936,negative,1,1,0,0,0,0,0,1
81009,negative,1,1,0,1,0,0,0,0
81023,negative,2,0,0,0,0,0,1,1
81090,positive,5,0,0,1,0,0,0,0
81117,positive,5,0,1,1,0,0,0,0
81122,positive,4,0,1,1,1,1,0,0
81140,positive,4,0,0,1,1,1,0,0
81186,positive,5,0,0,1,0,0,1,0
81187,positive,5,0,0,1,0,0,1,0
81249,positive,5,0,0,1,0,0,0,0
81283,negative,1,0,0,1,0,1,0,1
81299,positive,5,0,0,1,1,0,0,0
81393,positive,4,0,1,1,0,0,0,0
81411,negative,1,1,0,0,0,0,0,0
81440,positive,5,0,0,1,0,1,1,1
81470,positive,5,1,0,1,0,0,1,0
81476,negative,1,0,0,1,0,0,0,0
81503,positive,5,1,1,1,1,1,1,1
81630,positive,5,0,0,1,0,0,0,0
81667,positive,4.5,0,1,1,0,0,0,0
81745,positive,5,0,1,1,1,0,0,0
81762,negative,1,1,0,0,0,1,0,0
81768,positive,4,0,1,1,1,0,0,0
81816,negative,2,0,0,0,0,0,1,0
81890,negative,2,1,1,0,1,1,1,0
81891,positive,5,1,1,1,1,1,1,0
81925,negative,1,1,0,0,0,1,0,1
81950,negative,2,0,0,0,0,0,0,0
82023,neutral,3,0,0,0,0,0,1,1
82030,negative,2,1,0,0,0,0,1,0
82032,negative,1,1,0,0,0,0,0,0
82057,positive,4,1,0,1,1,1,1,0
82111,positive,4,1,1,1,1,1,1,1
82150,negative,1,1,0,1,0,1,0,0
82152,negative,1,0,0,1,1,1,1,0
82159,positive,4,0,0,0,1,1,0,0
82259,negative,1,1,0,0,0,1,1,0
82275,negative,2,1,0,0,0,0,0,0
82333,negative,1,1,0,1,0,0,0,0
82401,positive,4,1,0,1,0,0,0,0
82431,positive,4,0,1,1,1,0,1,0
82445,positive,5,1,1,0,1,0,1,0
82528,positive,5,1,1,1,1,0,1,0
82532,negative,2,0,0,1,0,0,0,0
82616,positive,5,1,0,0,0,0,0,0
82635,positive,4,0,0,0,0,0,0,0
82697,positive,5,1,0,0,0,0,0,0
82712,negative,1,1,0,1,0,1,1,0
82761,positive,4,1,1,1,1,1,0,0
82795,negative,2,0,0,0,0,0,1,0
82801,negative,2,0,1,0,0,1,1,0
82849,positive,5,1,0,1,1,0,0,0
82856,positive,4,0,0,0,0,1,0,0
82894,negative,2,1,1,0,0,1,0,1
82969,positive,4,0,1,1,0,0,1,0
83023,positive,5,1,1,1,1,1,0,0
83175,positive,5,1,0,0,0,0,1,0
83177,positive,4,1,1,1,1,0,1,0
83180,negative,1,0,0,0,0,0,1,0
83215,negative,1,1,0,0,0,0,1,0
83291,negative,1,1,0,0,0,0,0,0
83294,negative,1,1,0,0,1,1,0,0
83314,negative,2,1,0,0,0,0,0,0
83329,negative,1,1,0,0,0,0,0,0
83334,positive,5,1,0,0,0,0,1,0
83364,negative,1,1,0,0,0,0,0,0
83374,negative,1,1,0,0,1,1,1,0
83396,positive,5,0,1,1,1,0,0,0
83438,positive,4,1,1,1,1,0,1,0
83466,positive,4,1,1,1,1,1,1,0
83478,negative,1,1,0,0,0,1,0,0
83568,positive,4,1,1,1,0,0,0,0
83573,positive,4,0,1,1,1,0,0,0
83631,positive,4,1,1,1,1,0,0,0
83650,positive,5,1,0,1,1,1,0,0
83699,positive,5,0,0,1,0,0,0,0
83719,positive,5,1,0,0,0,0,0,0
83720,negative,1,1,0,0,0,0,0,0
83728,positive,4,1,0,1,0,0,0,0
83753,positive,4,1,1,1,0,0,0,0
83759,positive,5,1,1,1,0,0,1,0
83766,positive,5,1,0,0,0,0,0,0
83826,positive,5,1,1,1,1,0,0,0
83839,positive,5,1,0,0,1,0,0,1
83900,positive,5,1,1,1,1,1,0,1
83953,positive,5,1,1,1,1,1,0,0
83980,negative,1,1,0,0,0,0,0,0
83985,positive,4,1,1,1,1,0,1,0
84005,negative,1,1,0,0,0,1,0,0
84094,positive,5,1,0,0,0,0,0,1
84097,positive,5,1,0,0,0,0,0,0
84136,neutral,3,1,1,1,1,1,1,0
84173,positive,4,1,1,1,1,0,1,0
84184,neutral,3,0,0,0,0,0,0,0
84211,positive,4,0,1,0,1,1,0,1
84303,positive,4,1,1,0,1,1,1,0
84350,positive,5,1,1,1,1,1,0,0
84362,negative,1,1,0,0,0,0,0,0
84373,positive,4,1,1,0,1,1,0,0
84386,positive,4,0,0,1,1,0,0,0
84395,negative,1,1,0,0,0,0,0,0
84451,negative,1,1,1,0,0,1,0,0
84461,positive,5,1,1,1,1,1,0,0
84464,negative,1,1,0,0,0,0,0,0
84492,negative,1,1,0,0,0,0,0,0
84531,positive,4,1,1,1,1,1,1,0
84544,negative,1,1,0,0,0,0,0,0
84604,positive,5,1,1,1,1,1,0,1
84722,negative,2,0,1,1,1,0,0,1
84734,positive,5,1,1,1,1,1,0,0
84743,positive,4,1,1,1,1,1,1,0
84780,positive,5,1,1,1,1,1,0,1
84830,positive,5,0,0,1,0,0,1,0
84847,positive,5,1,1,1,1,1,1,1
84874,negative,1,1,0,1,0,0,1,0
84940,positive,4,1,1,1,1,0,1,0
84967,positive,4,0,0,1,1,1,1,0
84972,positive,5,0,0,1,1,1,1,1
85087,positive,5,0,0,0,0,0,0,0
85101,negative,1,0,0,0,0,0,0,0
85107,positive,5,1,0,1,1,0,0,0
85128,neutral,3,0,0,0,0,0,0,0
85153,positive,4.5,0,0,1,1,1,0,0
85167,positive,5,0,0,1,0,0,0,0
85178,positive,5,0,0,1,0,0,0,0
85185,positive,4.5,1,0,0,0,0,0,0
85204,positive,4,1,0,0,1,1,1,0
85221,negative,1,1,0,0,0,1,0,1
85279,negative,1,1,0,0,0,0,0,0
85294,positive,5,1,1,1,1,1,1,0
85324,negative,1,1,1,1,0,0,0,0
85379,positive,4,1,1,1,1,1,1,0
85386,negative,1,1,0,1,0,1,0,1
85431,positive,5,1,0,0,1,0,1,0
85495,negative,2,1,0,0,0,0,0,0
85521,positive,4,1,0,1,0,0,0,0
85544,negative,1,1,0,0,0,0,0,0
85571,positive,4,1,0,1,0,0,1,0
85601,negative,1,1,0,0,0,1,0,1
85629,positive,4,0,1,1,0,0,1,0
85644,negative,1,1,0,1,1,1,1,0
85679,positive,4,0,0,1,0,0,1,0
85680,positive,5,0,0,0,0,0,0,0
85686,positive,4,0,0,1,0,1,0,1
85695,negative,1,1,0,0,0,0,0,0
85737,negative,1,1,0,1,0,0,1,1
85763,negative,1,1,0,0,0,0,0,0
85773,negative,1,1,0,0,0,0,0,0
85786,negative,1,1,0,0,0,0,0,0
85796,positive,5,1,0,1,0,0,1,0
85819,positive,4,1,0,1,0,0,1,0
85821,positive,4,1,0,0,0,0,0,0
85823,positive,4,1,0,1,1,0,0,0
85865,positive,5,1,0,0,0,0,0,0
85896,positive,4,0,0,1,0,0,0,0
85936,positive,5,1,0,1,0,0,0,0
85958,positive,5,1,1,1,1,0,1,0
85972,positive,5,1,0,0,1,0,0,0
85978,positive,4,1,0,0,1,0,1,0
86002,positive,4,1,0,0,0,0,1,0
86005,positive,4,1,1,0,1,0,1,0
86038,negative,1,0,0,1,0,0,0,0
86071,neutral,3,1,0,0,0,0,0,0
86199,positive,4,0,0,1,0,0,0,0
86204,positive,5,1,0,1,0,0,1,0
86239,positive,4,1,0,1,0,0,0,0
86313,positive,4,1,0,0,0,0,0,0
86330,negative,1,1,0,1,0,1,0,1
86334,negative,1,1,0,0,0,0,0,0
86344,negative,2,1,0,1,0,0,1,1
86376,positive,4,0,0,1,0,1,0,1
86378,positive,5,1,0,1,0,0,0,0
86407,negative,1,1,0,0,0,0,0,0
86410,positive,4,1,0,0,0,0,1,0
86437,positive,4,1,0,0,0,0,1,0
86442,negative,1,1,0,0,0,0,0,0
86446,positive,4,1,1,1,0,0,1,0
86456,negative,1,1,0,1,1,1,0,0
86524,positive,4,1,1,1,1,1,0,1
86539,positive,4,1,1,1,1,1,1,1
86541,neutral,3,0,0,1,1,1,1,1
86578,positive,4,0,1,0,0,0,0,0
86586,positive,4,1,0,1,1,0,1,0
86622,positive,4,1,0,1,1,1,1,0
86629,positive,4,1,1,1,1,1,0,0
86632,positive,4,1,1,1,1,1,0,0
86636,positive,4,1,1,1,1,1,0,0
86708,positive,4,1,1,1,1,1,1,0
86750,positive,5,1,0,0,1,0,0,0
86751,positive,5,1,1,1,1,1,0,0
86757,positive,5,0,0,0,0,0,0,0
86830,positive,4,0,0,1,0,0,1,0
86835,positive,5,1,1,1,1,1,1,1
86872,positive,4,1,1,1,1,1,0,0
86879,positive,4,0,0,1,1,1,0,0
86880,positive,5,1,1,1,1,1,0,0
86885,positive,5,1,1,1,1,1,0,0
86945,positive,5,1,0,0,0,0,0,0
86966,positive,5,1,1,1,1,1,1,0
87077,positive,4,1,1,1,1,0,0,0
87081,negative,1,1,0,0,0,0,0,0
87249,positive,4,1,1,1,1,1,1,1
87272,positive,4,0,0,1,0,0,0,0
87328,positive,4,0,0,0,1,1,0,0
87343,positive,5,0,0,1,1,1,0,0
87347,positive,5,0,0,1,0,0,0,0
87364,negative,1,1,0,0,0,0,0,0
87391,negative,1,1,0,0,0,0,0,0
87430,positive,4,1,1,1,1,1,1,1
87461,positive,5,0,0,1,1,1,0,0
87465,positive,5,0,0,1,1,1,0,0
87480,positive,5,0,0,1,1,1,0,0
87503,positive,5,0,0,1,0,1,0,0
87511,positive,5,0,0,1,1,1,0,0
87546,negative,1,1,0,0,0,0,0,0
87560,positive,5,1,0,1,1,1,0,1
87577,positive,5,1,0,1,1,1,0,1
87580,positive,5,1,0,1,0,0,0,0
87594,positive,5,0,0,1,0,0,0,0
87612,negative,1,1,0,0,0,0,1,0
87654,positive,5,1,1,1,1,1,1,1
87666,positive,4,1,1,1,1,1,1,1
87670,positive,4,1,1,1,1,1,1,1
87675,positive,4,1,1,1,1,1,1,1
87691,positive,4,1,1,1,1,1,1,1
87790,neutral,3,1,0,1,1,0,1,0
87793,negative,2,1,0,1,0,1,1,0
87799,positive,5,1,1,1,0,0,1,0
87836,positive,5,1,0,0,0,0,0,0
87861,neutral,3,0,0,0,0,0,0,0
87883,positive,5,0,0,1,0,1,1,0
87888,positive,5,0,0,1,1,0,1,0
87938,positive,5,1,1,1,1,0,1,0
87939,positive,5,1,1,1,1,0,0,0
87956,positive,5,0,1,1,1,1,0,0
87958,positive,5,0,1,1,1,1,1,0
88017,negative,2,0,0,1,0,0,0,0
88026,positive,4,0,0,1,1,1,1,0
88033,neutral,3,1,0,1,0,1,0,0
88056,positive,5,0,0,0,0,0,0,0
88102,positive,4,0,1,1,1,1,0,1
88123,positive,5,0,1,1,0,0,0,0
88146,positive,5,0,0,1,0,0,0,0
88159,positive,4,1,0,1,1,1,1,0
88165,negative,2,0,0,1,0,1,1,0
88179,positive,5,1,0,0,0,0,0,0
88197,positive,5,0,0,1,0,0,0,0
88203,positive,5,0,1,1,0,0,0,0
88207,positive,5,0,1,1,1,1,0,0
88258,negative,2,0,0,0,0,1,1,0
88259,positive,4,0,0,1,0,0,1,0
88278,positive,4,0,0,0,0,0,1,0
88279,positive,5,0,0,0,0,0,0,0
88334,positive,5,1,1,1,1,0,1,0
88404,positive,5,1,1,1,0,0,1,0
88466,positive,4,1,1,0,1,1,0,0
88541,negative,1,1,0,0,0,0,0,0
88576,positive,4,1,1,0,0,1,1,0
88626,positive,5,1,0,0,0,0,1,0
88635,negative,1,1,0,0,0,1,0,0
88642,negative,2,0,0,1,0,0,1,0
88651,positive,4,1,0,0,0,0,0,0
88657,positive,5,1,0,1,0,0,0,0
88770,positive,4,1,0,1,0,1,1,0
88771,positive,5,1,1,1,1,0,1,0
88802,positive,4,0,0,1,0,0,1,0
88820,neutral,3,0,0,1,0,1,0,0
88869,positive,5,0,1,1,1,1,1,0
88874,positive,4,1,0,1,1,0,1,0
88936,positive,4,1,1,1,0,0,1,0
88949,positive,4,1,1,1,0,1,1,0
88951,positive,4,0,1,1,0,1,1,0
88981,positive,4,1,1,1,1,1,1,0
88994,positive,4,1,0,1,1,1,1,0
89094,positive,5,1,1,1,1,1,1,0
89107,positive,5,0,0,1,0,0,0,0
89110,positive,4,1,0,1,0,0,0,0
89169,positive,4,1,0,1,1,1,1,0
89198,positive,4,1,1,1,1,1,1,0
89200,positive,5,0,0,1,1,1,1,1
89216,positive,5,1,0,1,1,1,1,1
89245,negative,1,0,0,0,0,0,1,0
89305,positive,5,0,0,0,0,0,0,0
89316,positive,4,1,0,1,1,0,1,0
89326,positive,4,1,0,1,0,0,1,0
89333,negative,1,0,0,1,0,0,0,0
89420,neutral,3,1,0,1,1,0,1,0
89447,neutral,3,0,0,0,1,0,0,0
89458,negative,2,1,0,1,1,1,0,0
89498,positive,5,0,0,1,1,0,1,0
89502,positive,4,1,0,0,0,0,1,0
89503,neutral,3,1,0,0,0,0,1,0
89530,positive,5,1,0,0,0,0,0,0
89543,positive,5,1,0,1,1,1,1,1
89570,negative,1,0,0,0,0,0,1,0
89583,positive,5,1,0,1,0,0,0,0
89625,positive,5,1,1,1,1,1,1,1
89672,negative,1,0,0,0,0,0,0,0
89691,negative,1,1,0,0,1,0,0,0
89712,positive,4,0,0,1,0,1,1,0
89724,positive,4,1,1,1,0,0,1,0
89725,neutral,3,0,0,1,0,0,0,0
89741,negative,1,1,0,0,0,0,0,0
89803,positive,5,1,0,1,0,0,0,0
89808,negative,2,1,0,1,0,1,0,0
89815,neutral,3,1,0,1,0,0,0,0
89835,positive,4,1,1,1,1,1,1,0
89867,positive,5,1,0,1,1,0,1,0
89913,positive,4,1,0,1,0,0,0,0
89926,positive,3,1,0,1,0,0,0,0
90020,positive,4,1,0,0,0,0,0,0
90022,positive,4,1,0,1,1,0,1,0
90037,positive,4,1,0,1,0,0,1,1
90053,positive,4,1,0,1,0,0,1,0
90060,positive,5,1,0,1,0,0,1,0
90138,negative,2,0,0,0,0,0,0,0
90160,positive,5,1,1,1,1,1,0,1
90171,positive,4,1,1,1,1,1,1,1
90199,positive,4,1,0,0,0,0,0,0
90307,positive,4,1,0,1,1,1,0,0
90375,positive,4,1,0,0,0,0,0,0
90425,positive,4,1,0,1,1,1,1,1
90435,positive,4,1,0,1,1,1,0,1
90524,negative,2,0,0,0,0,0,0,0
90535,negative,1,0,0,0,0,0,0,0
90562,positive,5,1,0,1,1,0,1,0
90568,positive,5,1,0,1,1,1,1,1
90620,positive,4.5,0,0,1,1,1,0,0
90644,positive,4,0,1,1,1,0,1,0
90659,positive,5,0,0,1,0,0,1,0
90697,positive,5,0,0,1,0,0,0,1
90732,positive,5,0,0,1,0,0,0,0
90768,positive,5,1,1,1,0,0,0,0
90774,positive,5,1,0,1,0,0,0,0
90782,positive,5,0,1,1,1,1,0,1
90804,neutral,3,1,1,1,0,1,0,1
90831,negative,1,1,0,0,0,1,0,0
90839,positive,5,1,0,1,1,0,0,0
90844,positive,5,0,0,1,1,1,0,1
90849,positive,4,0,1,1,1,0,0,0
90883,negative,2,1,1,1,0,0,0,0
90891,positive,4,0,0,1,0,0,0,0
90943,positive,5,0,0,1,0,0,0,0
90965,positive,4,0,0,1,0,1,0,0
90987,positive,4,0,1,1,0,1,0,0
90995,positive,4,0,1,1,0,1,0,0
91002,neutral,3,0,0,1,0,1,0,0
91019,positive,4,0,0,1,1,0,0,0
91053,positive,4,1,0,1,0,1,0,0
91104,positive,4,1,0,1,1,1,0,0
91115,positive,5,0,0,1,0,0,0,0
91138,positive,5,0,0,1,0,0,0,0
91147,positive,4.5,0,0,1,0,0,0,0
91202,positive,5,1,0,1,1,1,0,1
91205,positive,4,1,1,1,1,1,1,0
91210,positive,4,1,0,1,1,0,0,0
91250,positive,5,0,0,1,1,0,0,0
91279,negative,1,1,0,1,0,0,0,0
91333,positive,5,1,0,1,1,1,0,1
91350,positive,5,1,0,1,1,1,0,0
91470,positive,4,1,1,1,1,1,1,0
91515,negative,2,0,0,1,0,0,0,0
91548,negative,1,0,0,0,0,0,0,0
91563,neutral,3.5,0,0,1,0,0,0,0
91607,negative,1,1,0,1,1,1,0,1
91615,negative,1,1,0,0,0,0,1,1
91658,positive,5,1,0,1,1,0,0,0
91707,negative,1,1,0,0,0,0,0,0
91712,positive,5,1,0,1,1,1,1,0
91741,positive,5,1,0,1,1,0,1,0
91754,positive,5,1,0,1,1,0,1,0
91819,positive,5,0,0,1,1,1,0,1
91820,negative,2,1,0,1,1,1,1,0
91841,positive,4,0,0,1,0,0,1,0
91899,negative,1,1,0,1,1,1,0,0
91907,positive,5,1,1,1,1,1,1,0
91928,positive,4,0,1,1,1,1,0,1
91964,neutral,3,0,0,1,0,0,0,0
91971,positive,4,1,1,1,1,1,1,0
92019,negative,2,1,0,0,1,0,0,0
92047,positive,5,1,0,1,1,0,1,0
92049,negative,1,1,0,0,0,0,0,0
92104,positive,4,1,0,1,1,0,0,0
92121,positive,4,1,0,1,1,1,1,1
92126,positive,5,1,0,1,1,0,1,0
92203,neutral,3,0,1,1,1,1,1,0
92274,positive,4,0,0,1,1,0,1,0
92368,positive,4.5,1,1,1,1,1,1,0
92405,negative,1,1,1,0,0,0,0,0
92441,negative,1,1,1,1,0,1,0,1
92459,positive,5,0,1,1,1,1,1,1
92483,positive,5,1,1,1,1,0,0,0
92529,positive,4,1,1,1,1,1,0,0
92534,positive,4,1,1,1,1,0,0,0
92584,positive,5,0,0,0,0,0,0,0
92611,positive,4,0,1,0,1,1,0,0
92644,positive,4,0,1,1,1,1,0,1
92648,negative,2,1,1,1,1,1,0,0
92661,negative,2,1,0,0,0,0,1,0
92750,positive,4,1,0,1,0,0,1,0
92790,positive,4,1,0,1,0,0,1,0
92795,neutral,3,0,0,1,0,0,0,0
92807,neutral,3,1,0,1,1,1,1,0
92814,positive,4,1,1,1,1,0,1,0
92925,negative,1,1,0,0,0,0,0,0
92929,negative,1,0,0,0,0,0,0,0
92931,negative,1,1,0,0,0,0,0,0
92946,positive,4,0,0,0,0,0,1,0
92960,negative,1,1,0,0,0,1,1,0
93040,negative,1,1,0,0,0,1,0,0
93079,positive,5,0,1,0,1,1,1,0
93138,negative,1,1,1,0,1,1,0,0
93172,positive,4,0,1,0,1,1,1,1
93182,positive,4,0,1,0,1,1,1,1
93184,negative,1,1,0,1,1,1,1,1
93188,negative,2,1,1,1,1,1,1,0
93237,negative,1,1,0,1,0,1,1,0
93306,positive,4,1,1,1,1,0,1,0
93378,positive,5,0,0,1,0,1,0,0
93417,neutral,3,0,0,0,0,0,0,0
93430,positive,4,0,0,1,0,1,0,0
93439,positive,5,0,0,1,1,1,0,0
93459,positive,5,1,1,1,1,0,1,0
93468,positive,5,1,0,1,1,1,1,0
93482,positive,5,1,0,1,1,0,0,0
93496,positive,5,1,0,1,0,0,0,0
93598,positive,5,1,1,1,1,1,1,1
93615,positive,5,1,0,1,0,0,0,0
93721,neutral,3,1,0,1,1,1,0,0
93725,positive,5,1,0,1,1,1,0,0
93792,negative,2,0,0,0,0,0,0,0
93885,positive,5,1,1,1,1,1,0,1
93918,positive,5,0,0,1,0,0,0,0
93928,positive,5,0,0,1,1,1,0,0
93962,positive,5,1,0,1,1,0,0,0
93972,positive,5,1,0,1,1,0,0,0
94009,positive,5,0,0,1,0,0,0,0
94010,positive,5,0,0,1,0,0,0,0
94044,negative,2,0,0,0,0,0,0,0
94082,positive,4,0,0,1,1,1,0,0
94146,positive,4,0,0,1,1,1,0,1
94157,positive,5,0,0,0,0,1,0,0
94162,neutral,3,0,0,1,1,1,0,0
94165,positive,5,0,0,1,0,1,0,1
94174,positive,5,0,0,1,0,0,0,0
94232,positive,4,1,1,1,1,0,1,0
94242,positive,4,1,0,1,0,1,1,1
94258,positive,5,0,0,0,0,0,0,0
94279,positive,5,1,0,1,1,1,1,1
94304,positive,4,1,0,1,0,1,1,1
94332,positive,5,0,0,1,0,0,0,0
94358,positive,5,0,1,1,0,0,0,0
94373,positive,5,0,0,1,1,1,1,1
94460,negative,2,0,0,1,0,0,1,0
94518,negative,2,0,0,1,0,1,0,1
94523,negative,2,0,0,1,0,1,1,1
94544,positive,5,0,0,1,0,1,0,0
94577,positive,5,0,1,1,1,1,0,0
94586,positive,5,0,1,1,1,1,0,1
94601,positive,5,0,0,1,0,0,0,0
94695,positive,5,0,0,1,0,0,0,0
94744,positive,4,0,0,1,0,0,0,0
94755,positive,5,0,0,1,1,0,0,0
94846,negative,2,1,0,1,0,0,0,0
94854,negative,1,1,0,0,0,0,0,0
94861,positive,5,1,0,1,0,0,0,1
94864,positive,5,0,0,1,0,0,0,0
94874,positive,5,0,0,1,0,0,0,0
94882,positive,4,0,0,1,0,0,0,0
94887,positive,5,0,0,1,0,1,0,1
94959,positive,5,1,0,1,0,0,1,0
95023,positive,5,0,0,1,0,0,0,0
95056,positive,5,0,0,1,0,0,0,0
95061,negative,1,1,0,0,0,0,0,0
95094,positive,5,1,0,1,0,0,0,0
95110,positive,4,1,0,1,0,0,0,0
95160,positive,5,1,1,1,1,0,1,0
95257,neutral,3,1,1,1,1,0,1,0
95293,positive,5,0,0,0,1,1,0,1
95308,positive,4,1,0,0,0,0,1,0
95321,positive,5,1,1,1,0,0,1,0
95362,positive,5,1,1,1,1,1,1,0
95397,positive,5,1,1,1,1,1,1,1
95440,positive,5,1,0,0,0,0,1,1
95464,positive,5,1,1,1,0,1,1,1
95550,negative,1,0,1,0,0,0,0,0
95558,negative,1,0,0,1,0,0,0,0
95599,negative,1,1,1,0,0,1,0,1
95603,negative,1,1,1,0,0,0,0,1
95679,negative,1,1,0,0,0,0,0,0
95710,positive,5,0,1,1,1,1,1,1
95727,positive,4,1,1,1,1,1,1,0
95733,positive,5,1,1,1,1,0,1,0
95744,positive,4,1,1,1,1,0,1,0
95754,positive,4,1,1,0,0,0,0,0
95812,negative,2,0,1,0,0,0,0,0
95868,positive,5,1,1,1,0,1,0,0
95877,positive,5,1,1,1,1,0,1,0
96009,positive,5,1,0,1,0,0,0,0
96030,positive,5,1,1,1,1,1,0,0
96079,positive,5,1,0,1,1,1,1,0
96104,negative,2,0,0,0,0,0,1,0
96112,positive,4,1,1,1,0,0,1,0
96114,positive,4,1,1,1,1,1,1,0
96138,positive,4,1,1,1,1,0,0,0
96224,positive,4,1,1,1,1,1,1,0
96231,positive,5,1,1,1,1,1,1,0
96284,positive,4,1,1,1,1,1,1,0
96310,positive,4,1,1,1,1,1,1,0
96357,positive,5,1,1,0,1,1,0,1
96444,positive,5,1,0,0,0,0,0,0
96481,positive,5,1,1,0,0,0,0,0
96492,positive,5,1,0,0,1,0,0,0
96628,negative,1,0,1,0,0,0,0,0
96634,positive,5,1,1,1,1,1,0,0
96638,positive,5,1,0,0,0,0,0,0
96643,negative,1,0,0,1,0,0,0,0
96649,negative,2,1,0,1,0,0,1,0
96654,positive,5,1,1,1,1,1,1,1
96665,negative,2,0,0,1,1,1,0,0
96722,positive,5,1,1,1,1,1,1,0
96731,positive,4,1,1,1,0,1,1,0
96756,positive,5,1,1,1,1,0,1,0
96856,negative,2,0,0,0,0,0,0,0
96874,positive,5,1,0,1,1,1,1,1
96878,positive,5,1,0,1,1,0,1,0
96921,negative,1,1,0,0,0,1,0,0
96929,neutral,3,1,0,1,0,0,0,0
97003,negative,1,1,0,1,0,0,0,1
97018,positive,5,1,1,1,1,1,1,0
97053,negative,2,1,1,0,1,1,1,1
97075,positive,5,1,1,1,1,0,1,1
97085,positive,4,1,1,1,1,1,1,1
97132,positive,5,1,1,1,1,1,1,0
97134,positive,4,0,0,1,1,0,1,0
97234,negative,1,0,0,1,0,1,0,1
97255,positive,4,0,0,1,0,0,0,0
97322,negative,1,1,0,0,0,0,0,0
97330,positive,5,0,1,1,1,1,0,0
97355,positive,5,1,1,1,1,1,0,1
97376,positive,4,0,0,1,1,1,0,0
97382,negative,1,1,0,0,0,0,0,1
97414,positive,4,0,0,0,1,1,0,0
97435,positive,5,0,0,1,0,0,1,0
97442,neutral,3,1,1,1,1,1,1,1
97449,negative,2,0,0,0,0,0,0,0
97496,positive,4,0,1,1,0,0,0,0
97516,negative,1,0,0,1,0,0,0,0
97549,positive,5,0,1,1,1,1,1,0
97560,positive,4,0,0,1,1,0,1,0
97591,positive,5,0,1,1,1,1,1,0
97629,positive,5,0,0,0,1,1,0,1
97655,positive,5,0,0,0,0,0,0,0
97719,neutral,3,0,0,1,0,0,1,1
97723,neutral,3,0,0,1,0,0,0,0
97758,negative,2,1,0,1,0,1,0,0
97769,negative,2,1,0,1,1,1,0,0
97811,positive,5,0,0,1,0,0,1,0
97816,positive,5,0,0,1,1,1,1,0
97898,positive,5,0,0,1,0,0,1,0
98003,positive,5,0,0,1,0,0,0,0
98018,positive,4,0,0,1,0,1,1,0
98053,positive,5,1,0,1,0,0,1,0
98069,negative,2,1,0,1,1,0,1,0
98083,negative,2.5,1,0,1,1,1,0,1
98085,negative,2,1,0,1,1,1,1,1
98091,positive,4,1,1,1,1,1,1,1
98134,positive,4,1,0,1,0,0,0,0
98172,positive,5,1,0,1,1,1,0,0
98217,positive,4,1,1,1,1,1,0,1
98250,positive,5,1,0,1,1,1,0,0
98251,neutral,0,0,0,0,0,0,0,0
98329,positive,4,0,0,1,1,1,0,0
98410,positive,5,1,0,0,0,0,0,0
98423,positive,4,0,0,1,0,1,0,0
98447,positive,5,1,0,0,0,0,0,0
98456,positive,4,0,0,1,1,0,0,0
98482,neutral,3,0,0,1,1,0,1,1
98555,positive,5,1,0,1,1,1,0,0
98574,positive,4,1,1,1,1,1,0,1
98591,positive,4,0,0,0,1,0,0,0
98598,neutral,0,0,0,0,0,0,0,0
98614,negative,1,0,0,1,1,1,1,1
98647,positive,4.5,1,0,1,0,1,0,0
98649,positive,4,0,0,1,0,1,0,0
98730,negative,1,1,0,0,0,0,0,0
98749,neutral,3,1,1,1,0,0,0,0
98761,positive,4,1,0,0,0,0,1,0
98766,positive,5,1,0,0,0,0,0,0
98856,neutral,3,1,1,0,1,1,0,1
98858,positive,5,1,0,0,0,0,0,0
98876,negative,1,1,0,0,0,0,0,0
98885,negative,1,1,0,0,0,0,0,0
98894,negative,1,1,0,0,0,0,0,0
98900,negative,1,1,0,0,0,0,0,0
98940,positive,4,1,0,1,0,0,0,0
99007,neutral,3,1,0,0,1,1,0,0
99020,positive,4,0,0,1,0,0,0,0
99092,negative,2,0,0,0,1,1,1,0
99172,positive,4,1,0,1,1,1,1,1
99257,positive,4,1,1,0,1,1,0,0
99289,positive,4,1,1,1,1,1,0,0
99295,positive,5,0,0,1,1,1,1,1
99309,positive,4,0,0,1,0,0,0,0
99395,negative,1,1,0,0,0,1,0,0
99400,negative,1,1,0,0,0,1,0,0
99419,negative,1,1,0,0,0,1,0,1
99454,negative,1,0,0,1,0,0,0,0
99482,negative,2,1,0,1,0,1,0,0
99532,positive,5,1,0,0,0,0,0,0
99559,positive,4,0,0,0,0,0,0,0
99579,positive,4,1,1,1,0,0,0,0
99596,negative,1,0,0,0,0,0,0,1
99602,negative,2,0,0,0,1,1,0,0
99683,negative,1,1,0,0,0,0,0,0
99686,positive,5,1,0,1,0,0,0,0
99687,negative,2,0,0,0,1,0,0,0
99710,neutral,3,0,0,0,1,1,0,0
99718,positive,4,1,1,1,0,0,1,0
99802,positive,5,1,1,1,0,0,1,0
99825,positive,5,1,0,0,1,0,1,0
99833,positive,5,0,0,1,0,0,0,0
99853,positive,5,1,1,1,0,0,0,0
99895,negative,1,1,0,0,0,0,0,0
99960,neutral,3,0,0,1,0,1,0,1
100017,positive,4,1,1,1,0,1,0,0
100066,negative,2,1,0,1,1,0,0,0
100074,negative,2,0,0,0,0,0,0,0
100100,positive,5,1,1,1,1,1,1,0
100103,positive,5,0,0,1,0,0,0,0
100107,negative,1,1,0,1,0,0,0,0
100211,positive,4.5,1,1,1,0,0,1,0
100214,positive,5,1,0,1,1,1,0,0
100220,positive,4,1,0,1,0,1,1,0
100235,negative,1,1,0,0,0,0,0,0
100257,negative,2,1,1,1,0,0,0,0
100278,negative,2,1,0,1,0,0,0,0
100336,negative,1,0,0,1,0,0,0,0
100358,positive,4,0,1,1,1,1,0,1
100390,neutral,3,0,0,0,0,1,0,0
100474,neutral,3,0,1,1,1,1,0,0
100475,negative,1,1,1,1,0,1,0,0
100508,positive,4,0,1,1,0,1,0,1
100524,positive,5,0,0,1,1,1,0,0
100528,positive,5,0,0,1,0,0,0,1
100534,positive,4,1,1,1,1,1,1,1
100638,positive,4,1,1,1,1,1,1,0
100643,positive,5,0,0,1,0,0,1,0
100712,positive,5,0,1,1,0,0,1,0
100716,neutral,3,0,1,0,1,1,1,0
100736,neutral,3,0,1,1,1,1,0,0
100828,positive,5,0,0,0,0,0,0,0
100829,positive,4,0,0,1,0,0,0,0
100832,positive,5,0,0,1,0,1,0,0
100881,positive,5,0,1,1,1,1,1,1
100901,positive,5,0,0,1,0,1,1,1
100931,negative,1,1,0,0,0,0,0,0
100984,positive,5,0,0,1,0,0,0,0
101014,positive,5,0,1,1,0,1,0,0
101028,positive,5,0,1,1,1,1,0,0
101071,positive,5,1,0,1,0,0,1,0
101072,positive,5,1,0,1,1,1,1,0
101102,neutral,3,0,0,1,1,0,1,0
101141,positive,4,1,0,1,0,0,0,0
101230,positive,5,0,1,1,1,0,1,0
101238,neutral,3,1,1,1,1,0,1,1
101289,negative,1,1,1,0,1,1,1,1
101296,positive,4,1,1,1,1,1,1,1
101333,positive,5,0,0,1,1,0,1,0
101339,positive,5,0,0,1,0,0,0,0
101375,positive,5,0,0,1,0,0,0,0
101399,positive,5,0,0,1,0,0,1,0
101404,positive,5,0,1,1,0,0,1,0
101449,positive,5,0,1,1,0,0,0,0
101456,positive,5,0,1,1,0,0,1,0
101462,positive,5,0,0,1,0,0,0,0
101463,positive,5,0,0,1,0,0,0,0
101498,positive,4,0,0,1,1,1,1,1
101521,positive,5,0,0,1,0,0,1,0
101551,negative,2,1,0,1,0,1,0,0
101589,positive,4.5,1,1,0,0,0,1,0
101607,positive,4,1,1,1,0,0,1,0
101615,positive,5,1,1,1,0,0,1,1
101629,positive,5,1,1,1,1,0,0,0
101651,negative,1,1,0,0,0,0,0,0
101694,positive,4,1,1,1,1,0,1,0
101706,positive,5,1,0,1,1,0,1,0
101712,negative,1,1,1,1,0,0,0,0
101747,positive,5,0,0,1,0,0,0,0
101776,positive,4,1,1,1,1,1,1,0
101783,positive,5,1,0,1,0,0,0,0
101822,neutral,3,1,0,1,0,1,0,0
101867,positive,5,1,0,1,0,0,0,0
101945,positive,4,1,0,1,0,0,0,0
101996,positive,4,1,1,1,1,1,1,0
102006,positive,5,1,1,1,1,1,1,0
102016,positive,4,0,0,0,0,0,0,0
102082,neutral,3,1,0,1,0,0,0,0
102096,negative,1,1,0,1,0,1,0,0
102110,neutral,3,1,1,1,1,1,1,1
102163,positive,4,1,1,1,0,1,1,0
102187,positive,4,1,1,1,0,0,1,0
102200,positive,4,1,0,1,1,1,1,0
102216,negative,2,0,0,1,1,1,1,1
102231,negative,1,1,0,1,0,0,0,1
102236,positive,5,1,1,1,1,1,0,0
102280,positive,5,1,1,1,1,1,0,0
102295,negative,1,1,0,0,1,1,1,1
102299,negative,1,1,0,1,0,1,0,1
102340,positive,5,1,0,1,1,1,0,0
102358,neutral,3,1,0,1,1,1,0,0
102432,positive,5,1,1,1,1,0,0,0
102455,positive,5,0,0,1,0,0,0,0
102494,positive,4,1,0,1,1,1,0,0
102543,negative,1,0,0,0,1,1,0,1
102573,negative,1,1,0,0,0,0,0,0
102641,positive,4,1,0,1,1,0,0,0
102645,negative,1,1,0,0,1,0,0,0
102691,positive,4,1,0,1,1,1,0,1
102702,positive,4,1,1,1,1,1,1,0
102734,positive,4,0,0,1,1,1,0,1
102786,positive,4,0,0,1,1,0,0,0
102800,positive,5,0,0,1,1,1,0,0
102867,positive,5,0,0,1,1,1,0,0
102881,positive,4,1,0,1,1,0,0,0
102948,neutral,3,0,0,0,0,0,0,0
102978,positive,4,1,0,0,0,0,0,0
103071,positive,5,1,0,1,1,1,1,0
103162,positive,4,1,0,0,1,1,0,0
103165,negative,2,1,0,1,0,0,1,0
103168,positive,4,1,0,1,1,0,0,0
103191,positive,5,1,1,1,1,1,1,1
103202,positive,5,1,0,1,1,1,1,1
103204,neutral,3,0,1,0,0,0,0,0
103218,positive,4,1,1,1,1,0,0,0
103260,positive,4,1,0,1,1,0,1,0
103288,positive,5,1,1,1,1,1,1,0
103322,positive,5,1,0,1,1,1,1,0
103330,positive,5,0,0,0,0,0,0,0
103333,positive,4,0,0,0,0,0,0,0
103345,positive,5,1,1,0,1,1,1,1
103404,negative,1,1,0,0,0,0,0,0
103408,negative,2,0,0,1,0,1,0,0
103447,negative,2,1,0,0,1,0,0,1
103449,positive,5,1,0,1,1,1,0,0
103456,positive,5,0,0,0,0,0,0,0
103462,negative,1,1,0,0,0,0,0,0
103488,negative,2,1,0,0,0,0,0,0
103512,negative,1,1,0,0,0,0,0,1
103520,positive,4,1,0,0,1,1,0,0
103529,positive,5,1,0,1,1,0,1,0
103571,neutral,3,1,0,0,0,0,0,0
103575,positive,5,1,0,0,1,0,0,0
103609,positive,5,1,0,0,1,0,0,0
103623,positive,5,1,0,1,0,0,0,0
103665,negative,1,0,0,0,0,0,0,0
103708,positive,5,1,0,1,1,1,1,1
103715,positive,5,1,0,0,1,0,1,0
103745,positive,4,1,0,1,1,1,0,0
103748,positive,4,0,1,1,1,1,1,1
103785,positive,4,1,1,1,1,0,0,1
103790,positive,4.5,0,1,1,0,0,0,0
103803,negative,1,0,1,0,0,1,0,0
103805,positive,5,1,1,1,1,1,0,0
103813,positive,5,1,1,1,1,1,0,0
103834,positive,4,1,0,1,1,1,0,0
103846,positive,4,1,0,1,1,0,0,0
103899,negative,1,1,0,0,0,0,0,0
103924,negative,1,1,0,0,1,0,0,0
103937,positive,4,1,1,1,1,1,1,0
103946,negative,2,1,0,0,0,0,0,1
104020,positive,4,1,0,0,1,0,0,0
104057,positive,5,1,1,1,1,1,0,1
104067,positive,5,1,1,1,1,1,0,0
104137,positive,4,1,0,1,1,0,1,0
104186,positive,4,1,0,1,1,1,1,0
104237,positive,5,1,1,1,1,1,0,1
104249,positive,4,1,0,1,1,0,0,0
104253,positive,5,1,0,1,1,1,0,1
104272,positive,5,1,0,0,0,0,0,0
104284,positive,5,0,0,1,1,1,0,0
104308,negative,1,1,0,0,0,0,0,0
104357,positive,4,0,0,1,1,1,0,0
104391,positive,5,1,0,0,1,0,1,0
104398,negative,1,1,0,0,0,1,0,0
104414,positive,4,0,0,1,0,0,0,0
104418,positive,4,1,0,1,0,0,0,0
104429,neutral,4,1,0,1,1,0,0,0
104432,negative,1,1,0,1,0,0,0,0
104489,negative,2,1,0,1,1,1,0,1
104525,negative,1,1,0,0,0,0,0,1
104534,negative,1,1,0,0,0,0,0,1
104624,positive,5,1,0,0,0,0,0,0
104659,positive,4,1,0,1,1,1,1,1
104696,positive,4,0,0,0,0,0,0,0
104772,positive,5,0,0,1,1,0,0,0
104867,positive,5,0,0,1,1,1,0,0
104893,positive,4,1,0,1,0,0,0,0
104913,negative,1,1,0,1,0,0,0,0
104921,positive,5,1,0,1,0,0,0,0
104936,positive,4,1,0,1,1,1,0,0
104961,positive,5,1,0,1,1,1,0,1
104999,positive,5,0,0,0,0,0,0,0
105002,positive,4,1,0,1,0,0,0,1
105055,positive,5,0,0,1,0,1,0,1
105064,positive,5,1,0,1,1,1,0,0
105092,positive,4,1,1,1,1,1,1,0
105155,positive,4,1,1,1,1,1,1,0
105171,positive,5,1,1,1,1,0,1,1
105177,positive,5,1,0,0,0,0,0,0
105260,positive,5,1,0,1,1,1,0,0
105270,negative,2,0,0,1,0,0,0,0
105274,positive,5,1,0,1,1,0,0,0
105285,positive,5,1,0,1,1,0,0,0
105327,negative,1,0,0,0,0,0,0,0
105346,positive,4,1,1,0,1,1,0,0
105370,negative,1,1,0,1,0,0,0,0
105381,positive,4,1,1,1,1,1,0,0
105382,positive,5,1,1,0,1,1,0,0
105389,positive,4,1,0,1,1,1,0,0
105407,positive,5,1,1,1,1,0,0,0
105438,negative,1,1,0,0,0,0,0,0
105442,negative,1,1,0,0,0,0,0,0
105491,positive,5,1,0,1,0,1,0,0
105498,positive,5,1,0,1,1,0,1,0
105525,positive,5,1,1,1,1,1,1,0
105575,negative,1,1,0,0,0,0,0,1
105613,positive,5,0,1,1,1,1,0,0
105632,negative,1,1,0,0,0,0,0,0
105646,neutral,3,1,1,1,1,0,1,0
105658,positive,5,1,1,1,1,1,0,0
105668,positive,5,1,1,1,1,1,0,0
105716,positive,4,1,0,1,1,1,1,0
105725,positive,4,1,1,1,1,0,0,0
105730,neutral,3,1,0,1,0,0,0,0
105775,positive,5,0,1,0,0,0,0,0
105776,positive,5,0,1,0,1,1,1,0
105779,positive,5,1,1,0,1,1,1,0
105793,negative,2,1,0,1,0,0,0,0
105799,negative,1,1,0,0,0,0,0,1
105803,negative,1,1,0,0,0,1,0,1
105807,positive,4,0,1,0,1,1,0,0
105835,positive,4,0,1,0,1,1,0,0
105971,positive,4,1,0,0,1,0,1,0
106046,negative,1,1,0,0,0,0,0,0
106104,positive,4,1,1,1,0,0,1,0
106109,positive,4,0,0,1,1,1,1,0
106117,negative,1,1,0,0,0,0,0,0
106124,positive,4,0,0,1,1,0,0,1
106169,negative,1,1,0,0,0,0,1,0
106176,negative,1,1,0,0,0,0,0,0
106179,positive,4,0,1,1,1,1,0,0
106195,positive,4,0,0,1,0,0,0,0
106277,positive,5,1,1,0,1,0,0,0
106297,negative,1,1,0,0,0,0,0,1
106322,negative,1,1,0,0,0,1,1,0
106333,positive,5,1,0,1,0,0,0,0
106344,negative,1,1,0,1,0,0,0,0
106415,negative,1,1,1,0,0,1,0,1
106416,negative,1,1,0,0,0,1,0,1
106425,neutral,3,0,1,1,1,1,1,1
106453,positive,4,0,0,1,1,1,0,1
106501,positive,5,0,0,1,1,1,1,0
106506,neutral,3,1,0,0,0,0,0,0
106539,positive,5,1,0,0,0,0,0,0
106614,negative,1,1,0,0,0,0,0,1
106645,neutral,3,0,0,0,0,0,0,0
106670,negative,1,1,0,0,0,0,0,1
106697,negative,2,1,0,0,1,1,0,0
106749,positive,5,0,0,0,0,0,0,0
106775,positive,5,0,1,1,1,1,1,0
106908,negative,1,1,0,0,0,0,0,1
106939,positive,4,0,0,1,1,0,1,0
106944,positive,5,0,1,1,1,1,1,1
107103,positive,5,0,0,1,0,1,0,0
107317,positive,4,0,0,0,0,0,1,0
107329,positive,5,0,0,0,0,0,1,0
107331,positive,5,1,1,1,1,1,1,0
107378,positive,5,1,1,1,1,1,1,1
107416,negative,1,1,0,0,0,0,0,1
107433,negative,1,1,0,0,0,0,0,0
107494,positive,5,1,1,1,1,1,0,1
107521,positive,5,1,1,1,1,1,0,0
107551,positive,4,0,1,1,1,1,1,0
107675,positive,5,1,0,1,1,0,1,0
107682,neutral,3,0,0,1,1,0,1,0
107701,negative,1,1,0,0,0,0,0,0
107712,positive,5,1,1,1,1,1,1,1
107782,positive,5,0,0,1,1,0,0,0
107823,negative,1,1,0,0,0,0,0,0
107866,positive,4,1,0,0,1,0,0,0
107893,positive,4,1,1,1,0,0,0,0
107961,positive,5,1,0,1,1,1,0,1
107975,positive,4,1,0,1,1,0,1,0
108024,negative,1,1,0,0,0,0,0,0
108114,neutral,3,0,0,0,1,0,1,0
108135,positive,4,0,0,1,1,0,0,0
108149,positive,4,1,0,0,1,1,1,0
108153,negative,1,0,0,0,0,0,0,0
108210,positive,5,1,0,1,1,1,1,0
108236,positive,4,0,0,0,1,0,0,0
108278,positive,4,1,0,1,1,1,1,1
108279,positive,5,1,1,1,1,1,1,0
108293,positive,4,1,0,0,0,0,1,0
108317,positive,5,1,0,1,0,0,1,0
108400,negative,1,1,0,0,0,0,0,0
108447,positive,5,1,0,1,1,1,0,0
108458,positive,5,1,0,1,1,1,0,0
108493,negative,1,1,0,0,1,1,0,0
108532,positive,5,1,0,1,1,1,0,0
108599,positive,4,1,0,1,1,1,1,0
108605,positive,4,1,0,0,1,1,1,0
108624,positive,5,1,0,1,1,1,1,0
108633,positive,5,1,0,0,0,0,0,0
108640,negative,1,1,0,0,0,1,0,1
108656,negative,1,0,0,1,1,1,0,1
108661,negative,1,1,0,1,0,1,0,1
108725,positive,4,0,0,1,0,0,0,0
108755,positive,5,0,0,1,1,0,1,0
108775,positive,5,0,0,1,1,0,0,0
108812,positive,4,1,0,1,1,0,0,1
108828,negative,1,1,0,0,0,0,0,0
108840,positive,4,0,0,1,1,0,1,1
108844,negative,1,1,0,0,0,0,0,0
108901,positive,5,0,0,1,1,0,0,0
108938,negative,2,0,0,0,0,0,1,0
108946,positive,5,1,0,1,1,0,1,0
108980,negative,1,1,0,0,0,0,0,0
109024,positive,4,1,0,1,1,1,1,0
109062,positive,4,1,1,1,1,1,1,0
109070,positive,4,0,0,1,1,1,1,0
109080,positive,4,0,1,1,1,1,1,0
109084,positive,5,1,0,1,1,1,1,1
109111,positive,4,0,0,1,1,0,0,0
109206,positive,4,1,0,1,1,1,1,0
109207,negative,1,1,1,1,1,1,1,1
109223,neutral,3,0,0,1,1,1,0,1
109232,positive,5,1,0,1,1,1,0,0
109244,positive,5,0,0,1,1,0,0,0
109355,positive,4,0,0,1,0,0,1,0
109392,positive,5,1,0,0,1,1,0,0
109402,positive,5,1,0,1,1,1,0,0
109423,negative,2,0,0,0,0,0,1,0
109427,positive,5,0,0,1,1,1,1,0
109431,negative,1,0,0,0,0,0,1,0
109446,positive,4,0,1,1,1,1,0,1
109510,neutral,3,1,1,1,1,1,1,0
109514,positive,5,1,0,1,1,0,1,0
109558,positive,4,0,0,1,1,1,0,0
109568,positive,4.5,0,0,1,0,1,0,0
109572,positive,5,0,1,0,0,0,0,1
109631,positive,4,0,1,1,0,1,0,1
109642,positive,5,0,0,1,1,1,1,0
109690,positive,4,1,0,1,1,1,1,0
109696,positive,5,0,0,0,1,1,0,0
109699,negative,2,0,0,1,1,1,0,1
109753,neutral,3,0,1,1,1,1,0,0
109767,negative,1,1,0,0,0,0,0,1
109773,positive,4.5,0,1,0,1,1,0,1
109822,positive,5,0,1,0,1,1,0,1
109879,positive,5,1,0,1,1,1,0,0
109960,positive,4,1,1,1,1,1,1,0
109981,negative,1,0,1,0,0,1,0,0
109988,positive,5,0,1,0,1,1,0,0
109995,positive,5,0,0,0,0,0,0,0
110000,positive,5,0,0,1,0,0,0,0
110003,negative,2,0,1,1,0,1,0,1
110017,positive,5,1,0,0,0,0,0,0
110037,positive,4,0,1,1,1,1,0,0
110053,positive,4,1,1,1,1,1,0,0
110056,negative,1,0,0,1,0,0,1,1
110082,positive,5,0,0,1,1,1,0,0
110094,positive,5,0,1,1,1,1,1,0
110168,positive,5,0,0,0,1,0,0,0
110314,negative,2,0,0,0,0,0,0,0
110317,positive,4,1,1,1,1,1,0,0
110337,negative,1,1,1,0,1,0,0,0
110338,negative,1,1,0,0,0,0,0,0
110400,negative,1,1,0,0,0,0,0,0
110520,positive,4,0,0,1,0,1,0,0
110537,positive,5,1,1,1,1,1,1,0
110547,negative,1,1,0,0,0,0,0,0
110570,negative,1,1,0,0,1,0,0,0
110573,negative,1,1,0,0,0,0,0,0
110657,positive,4,0,0,1,1,1,1,0
110674,positive,5,1,0,0,1,1,0,0
110749,positive,5,1,0,0,1,0,0,0
110775,positive,5,1,0,1,1,1,1,1
110791,positive,5,0,0,1,0,0,0,0
110848,positive,4,0,0,1,0,1,1,1
110930,neutral,3,1,0,1,1,0,1,0
110955,neutral,3,0,0,0,0,1,0,0
110968,positive,5,1,0,0,1,1,0,0
111001,negative,1,1,0,0,0,0,0,0
111014,positive,5,0,0,1,1,0,0,0
111078,positive,5,0,0,1,0,0,0,0
111095,negative,1,0,0,1,0,0,0,0
111096,neutral,3,1,0,1,1,1,0,0
111134,positive,5,1,0,0,1,1,0,0
111137,negative,1,1,0,0,0,1,0,0
111148,positive,4,0,0,1,1,0,0,0
111200,neutral,3,0,0,1,0,0,0,0
111240,negative,1,1,0,1,1,0,0,0
111243,positive,5,1,1,1,1,1,0,1
111258,negative,1,1,0,0,0,0,0,1
111270,positive,5,0,0,1,1,1,1,0
111272,negative,0,1,0,1,0,0,0,0
111291,positive,4,1,0,1,1,0,0,0
111299,positive,4,1,0,1,1,0,0,0
111316,positive,4,1,0,1,0,0,1,0
111332,positive,5,1,0,1,1,0,1,0
111385,negative,1,1,0,0,0,0,0,0
111388,negative,1,1,0,0,0,0,0,0
111433,positive,5,0,0,1,1,1,0,1
111436,negative,1,0,0,1,0,1,0,0
111450,positive,5,0,0,1,1,1,0,0
111475,positive,4,1,0,1,1,1,0,1
111501,positive,5,1,0,1,0,0,0,0
111531,positive,4,1,0,1,1,1,0,1
111696,negative,2,0,0,0,0,0,1,0
111728,positive,5,0,0,1,0,0,0,0
111764,positive,5,0,0,1,1,1,0,1
111800,positive,5,1,0,1,1,0,1,0
111804,positive,5,0,0,1,1,1,1,1
111900,positive,5,0,0,1,0,1,0,0
111907,positive,5,0,0,1,1,1,0,0
111909,positive,5,0,0,1,1,1,0,0
111925,negative,2,1,0,1,1,0,1,1
111942,positive,5,1,1,1,1,1,1,1
111949,positive,4,1,0,1,0,1,0,0
111961,positive,5,0,0,1,1,1,0,0
112063,positive,5,0,0,1,1,1,0,0
112137,positive,5,0,0,1,1,1,0,1
112143,positive,4,1,1,1,1,1,0,0
112158,negative,1,0,1,0,1,0,1,0
112173,positive,4,1,1,1,1,1,1,0
112187,positive,5,0,0,1,1,1,0,1
112246,positive,4,1,0,1,1,0,0,0
112253,positive,4,0,0,1,0,0,1,0
112270,negative,2,0,1,1,0,0,1,1
112272,positive,5,0,0,0,0,0,0,0
112276,negative,1,1,0,0,0,0,0,0
112299,negative,1,1,0,0,0,0,0,1
112388,positive,4,0,1,1,1,1,0,1
112389,positive,5,0,0,1,1,0,0,0
112401,positive,5,0,0,1,1,0,0,0
112448,positive,5,0,1,1,1,1,0,1
112537,positive,5,1,0,1,1,1,0,1
112538,positive,5,0,0,0,1,0,0,0
112581,positive,5,1,0,1,1,1,0,0
112605,positive,4,1,0,0,1,0,0,0
112607,negative,1,1,0,1,0,0,0,0
112623,negative,1,1,0,0,1,0,0,1
112626,positive,5,0,0,1,1,0,0,0
112630,positive,5,0,0,1,1,0,1,0
112639,positive,5,0,0,1,1,1,1,1
112656,positive,5,0,0,1,1,0,0,0
112660,positive,5,1,0,1,1,0,1,0
112661,positive,5,1,0,1,1,0,1,0
112667,positive,4,0,0,1,1,0,0,0
112724,positive,5,0,0,1,1,1,0,1
112758,positive,5,0,0,1,1,1,0,0
112793,positive,4,0,0,0,0,0,0,0
112794,positive,5,0,0,1,0,0,0,0
112805,positive,5,0,0,1,0,0,0,0
112831,positive,5,0,0,1,1,1,0,0
112848,positive,5,1,0,0,1,1,0,0
112881,positive,4,0,0,0,1,1,1,0
112889,negative,2,0,0,0,0,1,0,1
112909,positive,5,0,1,1,1,1,0,1
112943,positive,5,0,0,1,1,0,0,0
112973,positive,5,0,0,1,0,0,0,0
113007,positive,5,0,0,1,0,0,0,0
113025,positive,5,0,0,1,0,0,0,0
113040,positive,5,0,0,1,1,1,0,0
113176,negative,1,1,0,0,0,0,0,1
113322,negative,1,1,0,0,0,1,0,1
113352,negative,1,1,0,0,0,0,0,1
113354,neutral,3,0,0,0,0,1,0,1
113407,positive,5,0,0,1,1,1,0,0
113409,positive,4,0,0,1,1,1,1,0
113423,positive,4,0,0,1,1,1,1,0
113436,positive,4,0,0,1,1,0,0,1
113441,negative,2,1,0,1,1,0,0,0
113442,positive,4,0,1,1,1,1,0,1
113452,neutral,3,0,0,1,0,0,0,0
113483,positive,5,0,0,1,1,1,0,0
113486,positive,5,0,0,1,1,1,0,1
113521,neutral,3,1,0,1,0,1,0,0
113549,negative,1,1,0,0,0,0,0,1
113566,positive,5,1,1,0,1,1,0,1
113578,neutral,3,0,0,0,0,0,0,0
113595,positive,4,0,0,0,1,0,0,0
113659,negative,1,1,0,0,0,0,0,0
113661,negative,1,1,0,0,0,0,0,0
113672,negative,1,1,0,0,1,0,0,0
113733,negative,1,1,0,1,0,0,0,0
113772,positive,4,0,0,1,1,1,0,0
113821,positive,4,1,0,1,0,0,0,0
113892,neutral,3,1,1,1,1,0,1,0
113900,positive,5,0,1,0,1,0,0,1
113902,negative,1,1,0,1,1,1,1,1
113947,positive,4,0,0,1,1,1,0,1
114034,neutral,3,0,0,0,0,0,0,0
114046,negative,2,0,0,1,1,0,0,0
114050,positive,5,0,0,1,1,0,0,0
114093,positive,4,0,0,0,0,0,0,1
114109,positive,5,0,0,1,1,1,1,0
114136,positive,4,1,0,1,1,1,1,0
114138,positive,4,1,0,1,1,1,1,0
114176,positive,4,0,0,1,1,1,1,0
114251,negative,1,1,0,0,0,0,0,0
114282,positive,4,0,0,0,0,0,0,0
114286,negative,1,1,0,0,0,0,0,0
114298,positive,4,1,0,1,1,1,0,0
114379,negative,1,1,0,0,0,0,0,0
114401,negative,1,1,0,0,0,0,0,0
114425,negative,1,1,0,0,1,0,0,0
114463,negative,1,1,0,0,0,0,0,0
114504,negative,1,1,0,0,0,0,0,0
114511,negative,1,1,0,1,0,0,0,0
114517,neutral,3,0,0,1,0,0,0,0
114599,positive,5,0,0,1,1,1,1,1
114601,positive,5,0,0,0,0,0,0,1
114626,positive,5,0,1,1,1,1,1,1
114669,negative,2,0,0,0,0,0,0,0
114683,negative,2,0,0,1,0,1,0,0
114714,positive,4,0,1,1,1,0,1,0
114798,positive,5,0,0,0,0,0,0,0
114806,positive,5,1,1,1,1,1,0,1
114877,negative,1,1,0,0,0,0,0,0
114891,negative,2,0,0,1,0,0,0,0
114909,positive,5,0,0,1,0,0,0,0
114941,positive,5,0,0,1,1,1,1,0
114944,positive,5,0,0,1,0,1,0,1
114964,positive,5,0,0,1,0,1,0,1
114984,positive,5,0,0,1,1,0,1,0
114996,positive,4,1,0,1,0,0,1,0
115057,positive,5,1,0,1,1,1,1,1
115062,positive,5,1,0,1,0,1,1,0
115150,positive,4,0,0,1,0,0,0,0
115170,positive,5,0,0,1,1,0,1,0
115226,positive,5,0,0,1,0,0,0,0
115246,positive,5,0,0,1,0,0,0,0
115309,positive,5,1,0,1,0,0,1,0
115329,positive,5,1,1,1,1,0,1,0
115364,positive,5,1,0,1,0,0,1,0
115378,positive,5,0,0,1,0,0,1,0
115416,neutral,3,0,0,0,0,0,0,0
115432,positive,4,0,0,1,0,0,0,0
115480,positive,5,0,0,1,0,0,0,0
115484,positive,5,1,1,1,0,0,1,0
115559,negative,2,1,0,1,0,1,0,0
115562,positive,4.5,1,1,1,1,1,1,0
115678,positive,5,1,1,1,1,1,1,1
115705,positive,5,0,0,1,0,0,0,0
115750,positive,4,0,0,1,0,0,0,0
115841,positive,5,0,0,1,0,0,0,0
115945,positive,5,0,0,1,0,0,0,0
115964,positive,5,0,0,1,0,0,0,0
115987,positive,5,1,0,1,1,0,1,0
116002,positive,5,0,1,1,1,1,1,1
116295,positive,5,0,1,1,1,1,0,0
116312,negative,1,1,0,0,0,1,0,0
116328,positive,5,1,0,0,0,0,0,0
116368,positive,5,1,1,1,1,1,1,1
116387,negative,2,0,0,0,1,0,1,1
116416,positive,5,1,1,1,1,1,1,1
116419,negative,1,1,0,0,0,0,0,0
116431,positive,4,1,1,0,1,1,0,0
116504,positive,5,1,1,1,1,1,1,1
116566,positive,5,1,1,1,1,1,1,1
116646,negative,1,1,0,1,0,0,0,1
116655,positive,4,1,0,0,0,0,0,0
116720,positive,5,1,0,0,0,0,0,0
116755,neutral,3,1,0,1,0,0,0,0
116758,negative,1,0,0,0,0,0,0,0
116765,negative,1,1,0,0,0,0,0,0
116799,neutral,3,1,0,0,0,0,0,0
116826,positive,4,1,0,0,0,0,0,0
116858,positive,5,1,0,0,0,0,1,0
116970,positive,5,1,0,1,0,0,0,0
116973,negative,1,1,0,0,0,0,0,1
116989,negative,2,0,0,1,0,1,0,0
117015,positive,4,1,0,1,0,0,1,0
117023,negative,2,0,0,0,0,0,0,0
117028,positive,4,0,0,1,1,1,1,0
117046,negative,1,1,0,0,0,0,0,0
117059,positive,4,1,0,1,1,1,1,0
117103,negative,1,1,0,0,0,0,0,0
117163,negative,1,1,0,1,0,1,0,0
117166,negative,1,0,0,0,0,0,1,0
117182,positive,4,0,0,1,1,0,1,0
117187,positive,4,0,1,1,1,0,1,0
117198,negative,1,1,0,0,0,1,0,0
117215,negative,2,1,0,1,1,1,0,0
117220,positive,4,1,0,0,1,0,0,0
117227,positive,4,1,0,0,0,0,0,0
117240,positive,4,1,1,1,1,1,1,0
117324,negative,1,1,1,0,0,0,0,1
117356,negative,1,1,0,0,0,1,0,1
117369,positive,4,0,1,1,1,1,0,0
117375,positive,5,1,1,1,1,1,1,1
117395,positive,4,0,1,0,1,1,1,0
117400,positive,4,1,0,0,1,0,1,0
117418,neutral,3,1,0,1,1,1,0,0
117428,positive,4,1,0,0,1,0,0,0
117456,negative,1,1,0,0,0,0,0,0
117463,positive,5,1,0,1,0,0,1,0
117557,positive,5,0,1,1,0,0,0,0
117598,positive,5,1,1,1,0,0,1,0
117635,negative,2,1,1,0,0,0,1,0
117678,positive,4,1,0,0,0,0,1,0
117718,positive,4,1,1,1,1,0,1,0
117804,negative,1,0,0,0,0,0,0,0
117814,negative,1,1,0,0,0,0,0,0
117815,positive,4,1,0,1,0,0,0,0
117821,positive,4.5,1,1,1,1,0,0,0
117827,positive,4,1,1,1,0,0,0,0
117846,positive,5,1,1,0,1,0,1,0
117931,positive,4,1,1,1,0,0,1,0
117940,positive,5,1,1,1,1,1,0,1
117965,positive,5,1,1,0,1,0,0,0
117982,positive,4,0,1,1,1,1,0,1
117997,positive,5,1,1,0,1,1,0,0
118047,positive,5,1,0,1,1,0,1,0
118060,negative,2,0,0,1,0,0,0,0
118110,negative,1,0,0,1,0,0,0,0
118116,negative,1,0,0,0,1,0,0,0
118203,negative,1,1,0,0,0,0,0,0
118210,positive,5,1,0,0,0,0,0,0
118217,positive,5,0,1,1,1,1,0,0
118262,neutral,3,0,1,1,1,1,0,0
118285,negative,1,1,0,0,0,0,0,0
118360,positive,5,1,1,1,1,1,1,0
118381,positive,4,1,0,1,0,0,0,0
118390,positive,5,0,1,1,1,1,0,0
118394,negative,2,0,0,0,0,0,0,0
118423,negative,2,1,0,0,0,0,0,0
118426,positive,4.5,1,0,1,0,0,1,0
118448,negative,1,1,0,0,0,0,0,0
118462,positive,4,1,0,1,0,0,0,0
118481,positive,5,1,0,1,0,0,0,0
118498,neutral,3,1,0,0,0,0,0,0
118537,positive,5,1,0,1,0,0,1,0
118591,positive,5,0,0,1,1,1,1,1
118626,positive,4,0,0,0,0,0,0,0
118632,negative,1,0,0,1,0,0,0,0
118659,negative,1,1,0,0,0,0,0,0
118735,positive,5,0,0,1,0,1,0,0
118759,positive,5,0,0,1,1,1,0,1
118811,positive,4,1,0,1,1,1,0,1
118886,negative,1,0,0,1,0,1,0,1
119007,positive,5,0,0,1,1,1,1,1
119049,positive,4,0,0,1,0,0,0,0
119051,positive,4,1,0,1,0,0,0,0
119161,positive,5,0,0,1,0,0,1,0
119175,neutral,3,0,0,1,1,1,1,1
119181,positive,5,0,0,1,1,1,1,0
119220,positive,5,0,0,1,0,1,0,1
119277,positive,5,0,0,1,0,0,0,0
119325,positive,4,0,1,0,0,1,0,0
119388,positive,4,0,1,1,1,1,0,1
119454,neutral,3,1,1,1,1,1,0,0
119456,positive,4,1,1,1,1,1,1,0
119460,positive,5,1,1,1,1,1,1,0
119516,positive,5,0,0,1,1,0,0,0
119533,negative,1,1,0,0,0,1,0,0
119563,positive,4,0,1,1,1,1,1,0
119565,positive,4,0,0,1,1,0,0,0
119585,positive,5,0,0,1,1,0,1,0
119635,positive,4,0,0,1,1,0,0,1
119657,positive,5,0,0,1,0,0,1,0
119690,positive,5,0,1,1,1,1,1,0
119697,negative,1,1,0,0,0,0,0,0
119739,negative,1,1,0,0,0,0,0,0
119767,positive,4,0,0,1,1,1,0,1
119795,positive,4,1,0,0,1,1,1,0
119813,positive,4,1,1,1,1,1,1,0
119840,positive,4,1,0,1,1,0,0,0
119859,positive,4,1,0,0,1,1,1,0
119938,positive,5,0,0,1,0,1,0,0
120015,positive,4,1,0,1,0,1,1,0
120106,positive,5,1,0,1,0,1,1,0
120117,positive,5,1,0,1,1,1,1,0
120194,positive,5,0,1,1,0,0,0,0
120204,positive,5,1,1,1,0,0,0,0
120233,positive,4,1,1,1,1,0,0,0
120273,positive,5,1,1,0,1,1,0,0
120347,negative,2,0,0,1,0,0,0,1
120381,positive,5,1,1,1,1,1,0,0
120535,positive,5,1,1,1,1,1,1,0
120577,positive,5,1,1,1,1,1,1,0
120583,positive,5,1,1,1,1,1,0,0
120587,negative,1,1,0,0,0,0,0,0
120596,positive,5,1,1,1,0,0,0,0
120613,positive,5,1,1,1,1,1,1,0
120637,positive,3,1,0,1,0,0,0,0
120646,negative,1,0,0,0,0,0,0,0
120649,positive,4,1,0,0,0,1,0,0
120655,positive,5,1,0,0,0,0,0,0
120684,positive,5,0,0,1,0,0,0,0
120704,positive,5,0,0,0,0,0,0,0
120735,positive,4,1,1,1,1,1,1,1
120750,positive,4,1,1,1,1,1,1,1
120762,positive,5,1,1,1,1,1,1,1
120781,positive,4,0,0,1,1,1,1,1
120795,positive,5,0,0,0,0,0,0,0
120808,negative,1,0,0,0,0,1,0,0
120832,positive,5,1,0,1,1,0,0,0
120836,positive,4.7,1,1,0,1,0,0,1
120863,negative,1,0,0,0,0,0,0,0
120868,positive,4,1,1,1,1,1,0,1
120906,positive,4,1,0,1,1,0,0,0
120970,positive,4,1,0,1,1,1,1,1
120979,positive,5,1,0,0,0,0,0,0
121017,positive,5,1,0,1,1,1,1,0
121100,negative,1,1,0,0,0,0,0,0
121119,positive,4.5,0,0,1,1,1,1,0
121126,negative,2,0,0,1,0,1,1,0
121196,positive,5,1,1,1,1,1,0,1
121209,positive,5,1,1,1,1,1,0,0
121252,negative,1,0,0,0,0,0,0,0
121268,negative,2,1,1,1,0,1,0,1
121297,positive,5,1,0,1,1,1,1,1
121326,negative,1,0,0,0,0,0,0,0
121330,positive,5,1,1,1,1,0,1,0
121364,positive,5,1,0,1,1,1,1,1
121385,positive,5,1,1,1,1,1,1,0
121414,neutral,3,1,1,1,0,1,0,1
121438,positive,4,1,0,1,1,0,1,0
121465,positive,5,0,0,1,0,0,0,1
121476,positive,5,1,0,1,1,1,1,1
121483,negative,1,1,0,0,0,0,0,0
121496,positive,5,1,1,0,1,1,0,0
121504,positive,4,0,0,1,1,0,0,0
121536,positive,4,1,1,1,0,0,1,0
121537,positive,4,1,1,1,1,0,0,0
121550,negative,1,0,0,0,0,0,1,0
121693,positive,5,0,0,1,1,0,0,0
121707,positive,5,0,1,1,0,0,0,0
121859,negative,1,1,0,0,0,0,1,0
121868,neutral,3,1,0,1,1,0,0,0
121896,negative,1,1,0,1,0,0,0,1
121911,positive,4,1,0,0,0,0,0,0
121944,negative,1,1,0,0,0,0,0,0
122019,positive,5,0,0,1,1,1,0,1
122062,negative,1,1,0,1,0,0,0,0
122085,neutral,3,0,1,1,0,0,0,1
122092,neutral,3,0,0,1,0,0,0,0
122141,positive,4,1,0,1,0,1,0,1
122161,positive,5,1,0,1,0,0,1,0
122165,positive,5,1,0,1,1,1,1,0
122172,positive,5,1,0,1,1,1,1,0
122187,positive,4,0,0,1,0,1,1,0
122188,positive,5,0,0,1,1,0,0,0
122236,positive,5,1,0,1,1,0,1,0
122265,negative,1,1,0,0,0,0,0,1
122276,positive,4,1,0,1,1,1,1,0
122294,positive,5,1,1,1,1,1,1,1
122328,positive,5,0,0,1,1,1,0,1
122369,positive,5,0,1,1,0,1,1,1
122387,positive,5,0,0,1,1,1,1,1
122410,positive,4,1,1,1,1,1,1,1
122427,positive,5,1,0,1,0,0,1,0
122443,positive,5,0,0,1,1,1,1,1
122446,positive,4,0,0,1,0,0,1,0
122459,positive,5,0,0,1,1,0,0,0
122463,negative,2,0,0,0,0,0,1,0
122467,negative,1,0,0,0,0,1,1,0
122506,positive,5,1,0,1,1,1,0,1
122520,positive,5,1,0,1,1,0,1,0
122527,positive,4,1,0,1,0,0,1,1
122538,negative,1,1,0,0,0,0,0,0
122573,positive,4,0,1,1,0,0,1,0
122611,positive,4,1,1,1,1,1,1,1
122618,positive,4,1,0,1,1,1,1,1
122636,positive,4,1,0,0,1,1,0,1
122676,positive,4,1,1,1,1,1,1,0
122692,negative,1,1,0,1,0,0,0,0
122696,positive,4,0,0,1,0,0,0,0
122768,positive,5,1,0,1,1,0,0,0
122785,positive,4,0,0,1,0,0,0,0
122798,positive,5,0,0,0,0,0,0,0
122802,positive,5,0,0,1,0,0,0,0
122811,positive,4,1,0,1,1,1,1,0
122853,negative,2,1,0,0,0,0,0,0
122869,positive,4,0,0,1,1,1,0,0
122890,positive,4,0,0,1,0,0,1,0
122915,positive,5,0,0,0,0,0,1,0
123015,positive,4,1,0,1,0,1,1,0
123044,positive,5,0,0,1,0,1,0,0
123051,positive,5,1,1,1,1,1,1,0
123070,negative,1,1,0,0,0,0,0,0
123140,positive,4,1,0,0,0,0,1,0
123147,positive,4,1,0,0,0,0,1,0
123157,negative,1,1,0,0,1,0,1,0
123172,positive,4,1,0,1,1,0,1,0
123198,negative,1,0,0,1,0,1,1,1
123213,negative,1,0,0,0,0,0,0,0
123275,positive,5,1,0,0,0,0,1,0
123309,positive,5,1,0,1,0,0,1,0
123370,positive,4,1,1,1,1,1,1,1
123418,positive,4,1,1,1,1,1,1,1
123423,positive,4,1,0,0,0,0,0,0
123436,negative,1,1,0,0,0,0,0,0
123502,positive,4,1,1,1,1,1,0,1
123522,positive,5,1,1,1,1,1,1,1
123547,positive,5,1,0,1,0,0,0,0
123586,positive,5,1,1,1,1,0,1,1
123622,negative,1,1,1,0,0,0,0,1
123647,neutral,3,0,0,1,1,1,0,0
123667,neutral,3,0,1,1,1,0,0,0
123731,positive,4,1,1,1,1,0,0,0
123781,negative,2,0,1,1,1,0,1,1
123791,negative,1,0,0,0,1,0,0,0
123810,positive,4,1,1,0,0,0,0,0
123865,positive,4,0,1,1,0,0,1,0
123866,positive,4,1,0,0,0,0,1,0
123867,positive,4,1,1,1,0,0,1,0
123908,negative,2,0,0,0,0,1,1,0
123946,neutral,3,0,1,1,0,0,1,0
123947,negative,1,0,0,0,1,0,0,0
123949,negative,1,0,0,0,1,0,0,0
123985,positive,4.5,1,1,1,1,1,1,0
123992,positive,5,0,0,0,0,0,0,0
124015,positive,4,1,0,1,0,0,1,0
124043,positive,5,1,0,1,0,0,0,0
124057,positive,4,1,0,1,0,1,1,1
124108,neutral,3,0,0,0,0,0,1,0
124192,positive,4,1,1,1,1,1,1,1
124258,negative,1,0,0,0,0,0,0,0
124287,negative,1,0,0,0,0,0,0,0
124315,positive,4,0,0,1,0,1,0,0
124325,positive,4,1,1,1,1,1,1,0
124386,positive,5,1,0,1,0,0,0,0
124393,positive,4,0,1,1,1,0,1,0
124418,positive,4,1,1,1,1,0,1,0
124466,negative,2,1,0,1,0,1,1,1
124469,positive,4,0,0,1,0,0,1,0
124499,positive,5,0,0,1,1,1,1,1
124523,positive,4,0,0,1,1,1,1,0
124528,positive,5,1,0,1,0,0,0,0
124557,positive,5,0,0,0,0,0,0,0
124564,negative,1,1,0,0,0,0,0,0
124583,negative,1,0,0,1,0,1,0,0
124667,neutral,3,0,1,1,1,1,1,0
124684,positive,4,1,1,1,1,0,1,0
124728,positive,4,1,1,1,0,0,0,0
124780,positive,4,0,0,0,0,0,1,0
124827,negative,1,1,0,0,0,1,1,1
124828,positive,4,1,1,1,0,1,1,0
124853,positive,4,0,1,0,0,0,1,0
124887,positive,5,0,1,1,1,1,0,0
124888,negative,1,1,0,0,0,0,0,0
124925,negative,1,0,0,0,0,0,0,0
124933,positive,5,0,0,1,1,1,0,0
124969,positive,5,0,0,0,0,0,1,0
124971,positive,5,0,0,1,0,0,1,0
124990,positive,5,1,1,0,1,0,1,0
125072,neutral,3,1,0,1,0,1,1,0
125090,positive,5,1,0,0,0,0,1,0
125126,neutral,3,1,1,1,1,1,1,0
125158,positive,4,1,0,1,1,0,1,0
125183,negative,1,1,0,1,0,0,0,0
125195,positive,4,1,1,1,1,1,0,0
125203,positive,4,1,0,1,0,0,1,0
125220,positive,4,0,0,1,0,0,1,0
125233,negative,1,0,0,0,0,0,0,0
125245,neutral,3,1,1,1,1,0,1,0
125267,neutral,3,0,0,0,0,1,0,0
125297,positive,4,0,1,1,1,0,0,0
125299,positive,4,1,0,0,0,0,0,0
125314,positive,5,1,1,1,1,0,0,0
125333,positive,5,0,1,1,1,0,0,0
125345,positive,5,0,1,1,1,1,1,1
125403,positive,4,0,1,1,1,0,1,0
125434,neutral,3,0,0,0,0,1,1,0
125459,positive,4,1,1,1,0,0,0,0
125471,positive,5,1,1,1,1,1,1,0
125506,positive,4,1,0,0,0,0,0,0
125552,positive,5,1,0,0,0,0,0,0
125647,positive,5,0,1,0,1,1,0,1
125730,positive,5,1,1,0,1,0,0,0
125747,negative,2,1,0,0,0,1,1,0
125749,negative,1,1,0,0,0,0,0,0
125787,positive,4,0,0,0,0,0,0,0
125811,positive,4,0,0,1,1,0,1,0
125832,negative,1,0,1,0,0,0,0,0
125843,positive,5,1,1,1,1,0,0,0
125861,positive,4,1,1,1,1,1,1,0
125882,positive,5,0,1,0,1,1,1,1
125959,negative,1,1,0,0,0,0,1,0
125996,negative,1,1,0,0,0,0,1,0
126001,positive,5,1,1,0,1,1,0,0
126088,neutral,3,1,1,1,1,0,1,0
126093,positive,4,1,0,0,0,0,0,0
126191,positive,5,0,0,1,1,0,0,0
126195,positive,5,0,0,1,0,0,1,0
126233,neutral,3,0,0,0,0,0,0,1
126261,positive,5,0,0,1,0,0,1,0
126263,positive,4,1,0,1,1,1,0,0
126270,positive,4,1,1,1,1,1,1,1
126289,positive,5,0,0,1,1,1,1,1
126318,positive,4,1,1,1,1,1,1,1
126374,positive,5,1,1,1,1,1,1,1
126496,negative,1,1,0,0,0,0,0,0
126560,positive,5,1,0,1,1,1,1,0
126648,negative,1,0,0,1,0,0,1,0
126676,neutral,3,0,0,1,1,1,1,0
126687,positive,5,1,1,1,1,1,1,1
126695,negative,1,1,0,0,0,0,0,0
126764,positive,4,0,1,1,1,1,1,0
126792,positive,5,1,1,1,1,1,1,1
126817,positive,5,1,1,1,1,1,1,1
126877,positive,5,1,1,1,1,0,1,0
126884,positive,5,1,1,1,1,0,0,0
126915,positive,4,1,1,1,1,1,1,0
126930,positive,5,1,1,1,1,0,1,0
126961,neutral,3,0,1,1,1,1,0,0
126986,positive,5,1,1,1,1,0,0,0
127010,negative,1,1,0,0,1,1,0,0
127079,positive,5,0,1,0,0,0,0,0
127112,positive,4,1,1,1,1,0,0,0
127133,negative,2,0,1,1,1,1,0,0
127161,negative,2,1,1,1,1,0,0,0
127181,positive,4,1,1,1,1,0,1,0
127204,positive,4,0,1,1,0,0,0,0
127225,neutral,3,0,0,1,0,0,0,0
127230,negative,1,1,0,0,0,1,0,0
127256,positive,5,0,1,1,1,1,1,0
127285,negative,2,1,1,1,1,1,0,0
127356,positive,4.5,1,1,1,1,1,0,1
127371,positive,4,1,1,1,1,0,1,0
127388,positive,4,0,0,1,1,0,0,0
127407,positive,5,0,1,1,1,1,0,1
127435,positive,5,0,1,0,1,1,1,1
127474,positive,4,1,0,0,0,0,0,0
127480,positive,4,1,1,0,0,0,1,0
127530,negative,2,1,0,1,0,0,1,0
127541,neutral,3,1,1,1,1,1,1,1
127547,positive,4,0,0,1,0,0,0,0
127550,positive,5,0,0,1,1,1,0,1
127552,positive,4,1,1,0,0,1,0,0
127601,positive,4,0,1,1,0,0,1,0
127608,positive,5,0,1,1,1,1,1,1
127612,positive,5,1,0,0,0,0,1,0
127730,positive,5,0,0,0,0,0,1,1
127781,negative,1,1,0,1,0,0,0,0
127854,negative,1,1,0,1,0,0,0,0
127876,negative,1,1,0,0,0,0,0,1
127902,positive,5,0,1,1,0,0,1,0
127940,positive,4,1,0,1,0,0,1,0
127954,positive,4,1,0,0,0,1,0,0
127975,positive,4,1,1,1,1,0,1,0
128023,neutral,3,1,0,1,0,1,1,0
128045,positive,4,1,0,0,0,0,0,0
128071,positive,4,1,0,0,0,0,0,0
128098,positive,4,1,0,1,0,0,0,0
128127,positive,4,0,0,1,1,1,1,1
128131,positive,4,1,0,1,1,1,0,0
128140,positive,4,0,0,0,0,0,0,0
128209,neutral,3.5,1,0,1,0,0,1,0
128291,positive,4,1,0,1,1,1,0,0
128305,positive,5,1,0,0,0,0,1,0
128388,negative,1,1,0,1,0,0,0,0
128462,neutral,3,1,0,0,0,0,1,0
128537,positive,4,1,0,1,0,0,1,0
128555,positive,4,1,1,1,1,1,0,1
128569,positive,4,1,1,1,0,1,0,1
128579,positive,5,1,0,0,0,1,0,1
128593,positive,4,1,0,0,0,1,1,0
128654,positive,5,1,0,0,0,0,1,0
128751,negative,1,1,0,0,0,0,0,0
128822,negative,1,1,0,0,0,0,0,0
128853,positive,5,1,0,1,1,0,0,0
128866,positive,4,1,1,1,0,0,1,0
128936,positive,4,1,1,1,1,1,1,0
128961,neutral,3,1,1,0,1,1,0,0
128965,positive,5,0,1,0,0,0,0,0
128976,positive,4,1,1,0,1,1,0,0
129005,negative,2,1,1,0,1,1,1,0
129012,neutral,3,1,1,1,1,1,1,0
129092,negative,1,0,0,0,0,0,0,1
129119,positive,4,1,1,1,1,1,0,1
129125,positive,4,1,1,1,1,1,1,1
129184,positive,5,1,1,1,1,1,1,0
129260,positive,5,1,1,1,1,1,0,0
129280,neutral,3,1,0,0,0,0,0,0
129311,positive,4,1,1,1,0,1,1,0
129346,positive,4,1,1,1,1,1,1,0
129402,positive,4,1,1,1,1,0,0,0
129423,negative,2,0,0,0,0,0,0,0
129481,positive,5,0,1,1,1,1,1,0
129494,neutral,3,0,1,1,1,1,1,0
129530,positive,5,0,0,0,0,0,0,0
129535,positive,4,1,1,1,0,0,1,0
129550,negative,1,0,1,1,0,0,1,0
129564,negative,2,0,0,0,0,0,1,0
129583,positive,4,1,1,1,1,0,1,0
129711,positive,4,1,1,1,1,0,1,0
129744,positive,5,1,0,0,0,0,0,0
129800,positive,5,1,1,1,0,0,1,0
129851,negative,1,1,0,0,1,0,0,0
129970,negative,1,1,1,1,1,1,1,1
129999,negative,1,1,0,0,0,0,0,0
130018,negative,2,1,1,0,1,1,0,1
130042,positive,4,0,1,0,1,1,0,0
130067,negative,1,1,0,1,0,1,0,0
130141,negative,2,1,1,1,1,1,0,1
130192,negative,2,1,0,0,1,0,0,0
130216,negative,1,1,0,0,0,0,0,0
130217,negative,1,1,0,0,0,0,0,0
130220,positive,5,1,1,1,1,0,0,0
130225,negative,1,1,0,0,0,0,0,0
130236,negative,1,1,0,0,0,0,0,0
130237,negative,1,1,1,0,1,0,0,1
130255,positive,4,0,1,1,0,0,1,0
130317,positive,5,1,0,0,1,0,1,0
130330,positive,4,1,1,0,0,0,1,0
130354,negative,2,1,1,1,1,1,0,0
130366,positive,5,1,0,1,0,1,0,0
130401,negative,1,0,0,0,0,1,0,0
130424,neutral,3,0,1,1,1,1,0,1
130486,positive,5,1,1,1,1,1,1,1
130487,positive,5,0,0,0,0,0,0,0
130502,positive,5,1,0,1,1,0,0,0
130613,negative,1,1,0,0,0,0,0,0
130669,negative,1,1,0,1,0,0,0,0
130674,positive,4,1,1,1,1,0,1,0
130680,positive,5,1,0,1,1,1,0,0
130703,positive,5,0,0,1,1,0,0,0
130730,positive,5,0,0,1,1,1,1,1
130763,negative,1,1,0,0,0,0,0,0
130806,positive,5,1,0,0,0,0,0,0
130833,positive,5,0,1,1,1,0,0,1
130859,positive,5,0,1,1,1,1,1,1
130896,negative,2,0,0,1,0,1,1,1
130902,negative,1,0,0,0,0,1,0,1
130973,positive,4,0,1,0,1,1,0,0
130988,positive,4,0,1,0,1,0,1,0
131029,positive,5,1,0,0,1,0,1,0
131031,negative,1,1,0,0,0,0,0,0
131055,neutral,3,1,0,1,1,1,0,0
131062,positive,5,0,1,1,1,1,0,0
131135,negative,2,1,0,0,0,0,0,0
131156,positive,5,0,0,1,1,0,0,0
131184,negative,1,1,0,0,0,0,0,0
131219,positive,4,0,0,1,1,0,1,0
131231,positive,5,1,1,1,1,0,1,0
131264,positive,5,0,0,0,0,0,0,0
131329,negative,2,1,0,1,0,0,0,1
131379,positive,4,0,1,1,1,1,1,0
131422,positive,4,0,1,0,1,0,0,0
131498,negative,1,1,0,0,0,0,0,1
131575,positive,4,0,0,1,1,1,0,1
131590,positive,5,1,0,0,0,0,1,0
131597,positive,4,0,0,1,0,0,1,0
131600,positive,5,1,0,1,0,0,1,0
131622,positive,4,0,0,0,0,0,0,0
131666,positive,4,0,0,1,1,1,0,0
131707,positive,5,1,0,1,1,1,0,0
131744,positive,5,1,0,1,1,1,0,0
131780,negative,1,1,0,0,1,1,0,0
131840,negative,0,1,0,1,0,0,0,0
132027,negative,1,1,0,0,0,0,0,0
132083,positive,5,1,0,1,1,1,1,0
132184,negative,1,1,0,0,0,0,0,0
132217,positive,4,0,0,0,1,0,0,0
132238,positive,5,0,1,1,1,1,0,0
132268,negative,2,1,0,1,0,0,0,0
132322,negative,1,0,0,0,0,1,0,0
132360,positive,4,1,0,0,0,1,0,0
132367,negative,0,0,0,0,0,0,0,0
132392,positive,4,1,0,0,1,1,1,1
132426,positive,5,1,0,0,1,0,1,0
132432,positive,5,1,0,1,0,0,1,0
132448,positive,4,1,1,1,1,1,1,0
132493,negative,1,1,0,1,0,0,0,0
132616,positive,4,0,0,0,1,0,0,0
132670,neutral,3,0,0,0,1,0,0,0
132683,positive,5,0,0,1,0,0,0,0
132685,positive,5,0,1,1,0,0,0,0
132727,negative,1,1,0,0,0,0,1,0
132741,positive,4,0,0,0,0,0,0,0
132772,positive,4,0,0,0,1,0,1,0
132819,negative,1,1,0,0,0,0,0,0
132853,neutral,3,1,0,0,0,0,0,0
132891,positive,4,0,0,0,0,0,0,0
132918,negative,1,1,0,0,0,0,0,0
132931,negative,1,0,0,0,0,0,0,0
132975,positive,4,0,1,1,0,1,0,0
132978,positive,5,1,0,1,0,0,0,0
133004,negative,1,1,0,0,0,0,0,0
133006,neutral,3,0,1,1,0,0,1,0
133043,negative,1,1,0,0,0,0,0,0
133078,positive,4,0,0,0,0,0,0,0
133098,positive,5,0,0,0,1,0,0,0
133130,neutral,3,1,0,0,0,0,0,0
133151,positive,4.5,1,0,1,0,0,0,0
133201,positive,5,1,0,1,0,0,1,0
133203,positive,5,1,0,0,0,0,1,0
133204,negative,1,0,0,0,0,0,1,0
133205,positive,4,1,0,0,0,1,1,0
133220,neutral,3,1,0,1,0,0,1,0
133238,positive,5,1,0,0,0,1,1,0
133241,positive,4,1,0,0,1,0,0,0
133248,positive,5,1,0,0,0,1,1,0
133251,positive,4,1,0,1,0,0,1,0
133263,positive,4,1,0,1,0,0,1,0
133275,negative,1,0,0,1,0,1,0,0
133305,negative,2,1,0,0,0,0,1,0
133365,positive,5,1,0,0,1,1,1,0
133410,negative,1,0,0,0,0,0,0,0
133433,positive,5,1,1,1,1,1,1,1
133467,negative,1,0,1,1,0,0,0,1
133474,positive,5,1,1,1,1,1,1,1
133566,negative,1,1,0,1,0,1,0,0
133626,positive,4,0,0,1,0,0,1,0
133670,positive,5,1,1,0,1,1,0,0
133690,positive,4,0,1,0,1,1,1,1
133703,positive,4,1,0,1,1,1,0,1
133715,negative,1,1,0,0,0,0,0,0
133732,positive,4,0,1,1,1,1,0,0
133802,negative,1,1,0,0,0,0,0,0
133850,positive,5,0,1,1,1,1,1,0
133870,negative,1,1,0,0,0,1,0,0
133895,negative,1,1,0,0,0,1,0,0
133959,positive,4,0,0,0,0,0,0,0
134016,positive,4,0,0,0,1,0,0,0
134041,negative,1,1,0,1,1,0,0,0
134091,negative,1,1,0,0,0,0,0,0
134108,positive,4,1,0,0,1,0,0,0
134152,positive,5,1,0,1,1,0,0,0
134195,positive,5,0,0,1,0,0,0,0
134206,positive,5,0,0,0,0,0,0,0
134211,positive,4,0,1,1,0,1,1,0
134299,positive,5,1,1,1,1,1,0,0
134360,positive,5,0,1,1,0,1,1,0
134379,positive,5,1,0,1,0,0,1,0
134453,negative,1,0,0,0,0,0,0,0
134470,negative,1,1,0,0,1,0,0,0
134544,positive,5,0,1,0,0,1,0,1
134563,positive,4,0,0,0,0,0,0,0
134579,positive,5,0,0,0,0,1,0,1
134607,negative,0,1,0,0,0,0,0,0
134618,neutral,3,1,0,0,0,0,0,0
134624,negative,1,1,1,0,1,0,1,0
134662,positive,5,0,1,0,1,1,0,1
134669,positive,4,0,1,1,1,1,0,1
134687,positive,5,1,0,0,1,0,0,0
134694,positive,5,1,1,1,1,1,0,0
134706,negative,1,1,0,0,0,0,0,0
134823,positive,4,0,1,1,0,1,0,1
134839,negative,1,1,0,1,1,0,1,0
134885,positive,5,0,0,0,0,0,0,0
134887,positive,5,1,0,0,0,0,1,0
134897,positive,5,0,0,1,1,1,1,0
134957,positive,5,1,0,1,1,0,1,0
134983,negative,1,1,0,0,0,0,0,0
135007,positive,5,0,0,1,1,1,1,0
135052,positive,4,1,1,1,1,0,0,0
135076,positive,5,0,0,0,1,0,1,0
135123,positive,5,1,0,1,1,1,1,0
135198,positive,4,1,0,1,1,0,0,0
135229,negative,1,1,0,1,0,0,0,0
135240,positive,4,1,0,0,1,0,1,0
135250,positive,5,1,0,1,1,0,0,0
135320,negative,1,1,0,0,0,0,0,0
135323,positive,5,0,0,1,1,1,0,0
135341,negative,1,1,0,0,0,0,0,0
135459,positive,5,0,0,1,1,0,0,0
135476,negative,1,1,0,0,1,0,0,0
135489,positive,5,1,0,1,1,0,1,0
135501,positive,5,1,0,1,1,1,1,1
135590,positive,4,1,0,1,1,0,0,1
135591,positive,4,1,0,1,1,1,0,0
135714,positive,5,0,0,1,0,0,0,0
135742,negative,1,1,0,0,0,1,0,0
135806,positive,5,0,0,0,0,0,0,0
135868,positive,4,1,0,1,1,1,0,1
135887,positive,5,1,0,1,1,1,1,0
135948,positive,5,1,1,1,1,1,1,0
135969,positive,5,1,1,0,1,1,1,0
135989,neutral,3,1,1,0,1,1,0,0
136021,neutral,3,1,0,0,0,0,0,0
136066,positive,5,0,0,0,0,0,0,0
136098,positive,5,1,1,1,1,1,0,1
136105,neutral,3,0,1,0,0,0,0,1
136168,negative,1,0,1,0,0,1,0,0
136176,negative,1,0,0,1,0,0,0,0
136202,positive,4,1,1,0,1,1,1,0
136206,positive,5,1,1,1,1,1,0,1
136300,negative,1,1,0,0,0,0,0,0
136318,positive,4,1,1,1,1,1,0,0
136336,positive,5,0,1,0,0,0,0,0
136344,positive,4,1,1,1,1,1,0,1
136350,positive,4,1,0,1,1,1,0,1
136382,positive,5,0,0,0,0,1,0,1
136395,negative,1,0,1,0,1,1,0,0
136429,positive,4,1,0,0,1,0,0,0
136464,positive,5,1,1,1,1,1,1,0
136493,positive,5,1,1,1,1,1,1,1
136494,positive,5,0,1,0,1,0,0,0
136506,positive,5,1,1,1,1,1,1,0
136507,negative,1,0,0,0,0,0,0,1
136550,negative,2,1,1,1,0,0,1,0
136569,positive,4,1,1,1,1,1,1,1
136597,negative,1,0,0,1,1,0,0,0
136617,positive,5,1,0,0,0,0,0,0
136633,negative,1,1,0,0,0,0,1,0
136657,negative,2,1,1,0,1,1,1,0
136662,negative,1,0,0,0,0,1,0,0
136668,negative,1,1,0,0,0,0,0,0
136690,negative,1,1,0,1,0,0,0,0
136704,positive,5,1,1,0,1,0,0,0
136716,positive,4,1,1,1,1,1,0,0
136732,negative,1,1,0,0,0,1,0,1
136734,negative,1,1,0,0,0,0,0,1
136756,negative,1,1,0,0,0,0,0,0
136776,positive,4,1,1,0,1,1,0,1
136777,positive,5,1,0,0,1,0,0,0
136794,negative,1,1,0,0,0,0,0,0
136803,positive,5,1,1,1,1,1,0,0
136813,positive,5,1,0,1,1,0,0,0
136832,negative,1,0,0,0,0,0,0,0
136833,positive,5,0,1,1,1,1,0,0
136853,negative,1,1,0,0,0,0,0,0
136868,negative,1,1,0,0,0,0,0,1
137054,positive,5,1,0,0,1,0,0,0
137062,negative,1,1,0,1,0,0,0,0
137104,negative,1,1,0,1,0,0,1,0
137124,negative,1,0,0,0,0,1,1,0
137126,negative,2,0,0,1,0,0,1,0
137128,positive,4,1,0,0,1,0,0,0
137134,positive,4,0,1,1,0,1,1,1
137145,positive,5,0,0,1,1,0,0,0
137148,positive,5,0,1,1,1,1,1,0
137187,positive,4,0,1,1,0,1,1,0
137222,positive,4,0,1,0,0,0,1,0
137251,negative,1,1,0,1,0,0,0,0
137266,positive,4,1,0,1,0,0,0,0
137279,negative,1,1,0,0,0,0,0,0
137291,negative,1,1,1,0,0,0,1,0
137314,negative,1,1,0,1,0,0,1,1
137359,negative,1,1,0,0,0,0,0,0
137370,negative,1,1,0,0,0,0,0,0
137435,positive,4,0,1,0,1,1,0,0
137438,neutral,3,0,1,1,0,0,1,0
137473,negative,1,1,0,1,0,0,0,1
137482,negative,1,1,0,0,0,0,1,0
137484,positive,5,1,0,1,1,0,1,0
137512,positive,5,0,0,1,0,0,0,0
137517,neutral,3,0,0,1,0,1,0,1
137518,positive,4,0,0,1,1,0,1,0
137519,positive,5,0,0,1,0,0,1,0
137612,positive,5,1,1,1,0,0,1,0
137660,positive,5,1,0,0,0,0,1,0
137670,neutral,3,1,0,0,0,0,1,0
137674,negative,1,1,0,0,0,0,1,1
137723,positive,4,1,1,0,0,0,1,0
137803,positive,5,1,1,0,1,1,0,1
137914,positive,4,1,0,1,1,0,0,0
137943,negative,1,0,0,0,1,0,0,0
137987,negative,1,0,0,0,0,0,0,0
138015,positive,4,0,0,1,0,1,0,0
138176,positive,4,1,1,1,0,1,0,1
138199,positive,5,1,0,0,0,0,0,0
138243,positive,5,1,0,1,0,1,0,1
138257,positive,4,1,0,1,1,1,0,0
138273,negative,1,1,0,1,0,0,0,0
138324,positive,5,0,0,1,0,0,0,0
138405,positive,4,1,0,1,1,0,0,0
138441,negative,1,0,0,0,0,0,0,0
138460,positive,4,0,0,0,0,0,0,0
138461,positive,5,1,0,1,0,0,1,0
138489,positive,4,1,0,1,1,1,1,0
138495,positive,4,1,0,1,1,1,1,0
138498,negative,1,1,0,1,0,0,1,0
138565,positive,4,1,0,1,0,0,0,0
138568,positive,4,0,0,1,1,1,0,0
138585,positive,4,1,1,1,1,1,0,0
138590,negative,1,0,0,0,0,1,0,0
138600,positive,4,0,0,1,0,0,0,0
138616,positive,4,0,0,1,1,1,0,0
138620,negative,1,1,0,0,0,0,0,0
138622,positive,5,1,0,1,1,1,1,0
138638,positive,5,1,0,0,1,1,1,0
138724,positive,4,0,0,1,1,1,0,0
138736,negative,1,1,0,1,0,0,0,1
138739,positive,5,1,0,0,0,0,1,0
138761,negative,1,1,0,0,0,0,0,1
138768,positive,4,0,0,1,1,0,0,0
138837,negative,1,1,1,1,1,1,0,0
138893,negative,2,0,0,1,1,1,0,0
138896,positive,4,0,0,1,0,1,0,0
138956,negative,1,1,0,0,0,1,0,0
138957,positive,4,1,0,1,1,1,0,0
138994,positive,5,0,0,1,0,1,0,1
139006,neutral,3,0,0,1,0,0,1,0
139061,positive,4,1,0,1,1,1,1,0
139085,negative,1,1,0,1,0,0,0,1
139149,positive,4,0,0,0,1,1,0,1
139243,positive,5,0,0,1,1,1,0,1
139276,positive,4.5,0,0,1,1,0,0,0
139288,negative,2,1,0,1,1,1,0,0
139414,positive,4,0,0,1,1,1,0,0
139438,positive,5,0,0,1,0,0,0,0
139460,positive,5,1,0,1,0,0,1,0
139491,positive,5,1,0,1,0,1,1,0
139499,positive,4,0,0,0,0,0,0,0
139501,positive,4,0,0,1,0,0,0,0
139526,negative,1,1,0,0,0,0,0,1
139537,positive,5,1,1,1,1,0,1,0
139564,neutral,3,1,0,1,1,0,0,0
139685,negative,2,1,0,1,0,0,0,0
139771,positive,5,0,0,1,0,1,0,0
139772,positive,4.5,0,0,1,0,0,0,0
139808,positive,5,1,0,1,0,0,0,0
139813,positive,5,0,0,1,0,0,0,0
139844,positive,5,1,0,1,0,1,0,0
139901,positive,5,0,0,1,0,0,1,0
139914,positive,5,1,0,1,0,0,1,1
139916,positive,5,1,0,1,1,0,1,0
139990,positive,5,1,0,1,1,1,0,0
140139,positive,5,1,1,1,1,1,1,0
140168,neutral,3,1,0,1,1,1,0,0
140178,negative,2,0,0,1,0,1,1,0
140271,negative,2,1,0,1,0,0,0,0
140273,negative,2,0,0,1,0,1,0,0
140296,positive,4,0,0,1,1,1,0,1
140318,positive,5,1,0,1,1,1,0,0
140359,positive,5,1,0,1,0,0,0,0
140374,positive,5,1,0,1,1,1,1,1
140422,positive,4,0,0,1,1,1,1,1
140432,positive,5,0,0,1,0,0,0,0
140495,positive,4,0,0,1,1,1,0,1
140501,negative,1,0,0,0,0,1,0,0
140532,positive,4,1,0,1,1,1,0,1
140636,negative,2,1,0,0,0,1,1,0
140712,neutral,3,0,0,1,0,0,1,0
140722,positive,5,1,0,1,1,1,0,1
140747,neutral,3,1,1,1,1,0,1,0
140753,positive,4,0,0,1,1,0,1,0
140773,positive,4,0,0,1,0,1,0,1
140846,positive,4,0,0,1,0,0,0,0
140852,positive,5,0,0,1,1,1,0,1
140859,positive,4,1,0,1,0,0,1,0
140961,positive,4,1,0,1,1,1,1,0
140962,negative,2,0,1,0,0,1,0,0
140993,positive,5,0,0,0,1,0,0,0
141021,positive,5,1,1,1,1,1,0,1
141066,positive,4,0,0,1,1,1,1,1
141083,positive,4,1,0,1,1,1,1,1
141116,positive,5,1,0,1,1,1,1,0
141121,negative,1,1,0,0,0,0,0,0
141134,positive,4,1,0,1,1,1,0,0
141148,negative,2,0,0,1,1,0,0,0
141153,positive,5,1,0,1,0,0,0,0
141167,positive,5,1,0,1,0,0,1,0
141203,positive,5,1,0,1,1,1,1,1
141214,positive,4,0,0,1,1,1,0,0
141243,positive,5,1,0,1,1,1,0,0
141249,negative,1,1,0,0,0,0,0,0
141409,positive,5,1,0,1,1,0,0,1
141445,positive,5,0,0,1,1,1,1,0
141460,negative,1,0,0,1,0,0,0,0
141478,positive,5,0,0,1,1,1,0,1
141498,positive,4,1,0,1,1,1,0,0
141548,neutral,3,0,0,1,0,1,1,0
141559,positive,4,1,0,1,1,0,1,0
141568,positive,4,1,0,1,1,1,0,0
141571,positive,4,0,0,1,1,1,0,0
141587,positive,5,0,0,1,0,0,1,0
141621,positive,5,0,0,1,0,0,0,0
141653,positive,4,1,0,1,1,1,1,1
141656,negative,1,0,0,0,0,0,0,0
141725,positive,4,0,0,1,0,0,0,0
141742,positive,4,1,0,1,1,1,1,0
141764,positive,5,0,0,1,1,1,1,1
141774,positive,5,1,1,1,1,1,1,1
141784,positive,4,1,1,1,1,1,1,1
141790,negative,1,1,0,0,0,0,0,0
141835,positive,5,1,0,1,0,0,0,0
141841,neutral,3,1,0,1,1,1,1,1
141859,positive,5,0,0,1,0,1,0,1
141864,positive,4.5,1,0,1,1,1,1,1
141893,positive,5,1,1,1,1,1,1,1
141898,positive,4,0,0,1,1,1,1,1
141949,positive,5,1,0,1,0,0,0,0
142020,positive,5,1,0,0,1,1,0,1
142031,positive,5,0,0,1,1,0,0,0
142044,positive,5,1,0,1,1,1,1,1
142050,positive,5,1,0,1,1,1,1,0
142087,positive,5,1,0,1,1,1,1,0
142097,positive,5,1,0,1,1,0,0,0
142106,positive,4.5,0,0,1,1,1,0,0
142249,positive,4.5,1,0,1,1,0,1,0
142266,negative,1,1,0,1,0,0,0,0
142281,positive,5,1,0,0,0,0,0,0
142282,positive,5,1,0,0,0,0,0,0
142296,positive,5,1,0,1,1,0,0,0
142301,positive,4,1,0,1,1,0,0,0
142307,negative,1,1,0,0,0,0,0,0
142358,positive,4,1,0,1,0,0,0,0
142381,positive,5,1,0,1,1,1,0,0
142387,positive,4,1,0,1,1,1,1,0
142440,positive,4,1,0,1,1,1,0,0
142455,positive,5,1,0,1,1,0,0,0
142463,positive,5,1,0,0,0,0,0,0
142531,positive,5,1,0,1,1,0,0,0
142553,positive,4,1,0,1,1,0,0,0
142626,positive,5,1,1,1,1,1,0,0
142630,positive,5,1,1,1,1,1,0,1
142654,positive,5,1,0,1,0,0,0,0
142668,negative,2,0,0,0,0,1,0,1
142721,negative,2,1,0,1,0,0,1,1
142728,positive,4,0,0,0,0,0,0,0
142759,positive,5,1,0,1,1,0,1,0
142823,negative,1,0,0,0,0,1,0,1
142879,positive,5,1,0,1,1,0,0,0
142947,positive,5,1,0,1,0,0,0,0
142948,positive,5,1,0,1,1,0,0,0
142962,positive,5,1,0,1,0,0,1,0
143021,positive,5,1,0,1,1,0,1,0
143041,positive,5,1,0,1,0,0,0,0
143043,positive,5,1,0,1,1,1,1,0
143057,positive,4.5,1,1,1,1,1,1,0
143064,positive,4,1,0,1,1,1,1,0
143065,positive,5,1,0,1,0,0,0,0
143080,positive,4,1,1,1,1,1,1,0
143090,positive,5,1,0,1,1,0,0,0
143151,positive,4,1,0,1,0,0,1,0
143228,negative,2,0,0,0,0,1,0,0
143251,positive,5,1,0,1,1,0,1,0
143321,positive,5,0,1,0,1,0,1,0
143362,positive,5,1,0,1,1,0,1,0
143388,positive,4,0,0,1,1,0,0,0
143455,positive,5,1,1,1,0,0,1,0
143465,positive,5,1,1,1,0,0,1,0
143501,positive,5,1,0,1,1,0,0,0
143516,positive,5,1,0,1,0,0,0,0
143569,positive,5,1,0,0,0,1,0,0
143613,positive,5,1,0,1,1,1,0,0
143625,positive,5,1,0,1,1,1,0,0
143709,positive,5,0,0,0,0,0,0,0
143750,positive,5,0,1,1,1,1,1,1
143773,positive,5,0,0,1,1,1,1,0
143776,positive,5,1,1,1,1,1,0,1
143843,positive,5,1,0,0,0,0,0,0
143846,negative,2,0,0,0,1,1,1,0
143855,positive,5,0,0,1,0,1,0,1
143860,positive,5,1,1,1,1,1,0,1
143906,positive,4,0,0,0,0,0,0,1
143909,positive,5,1,0,1,1,1,1,0
143935,positive,5,0,0,1,1,1,0,0
143962,negative,2,1,0,0,0,0,0,0
143965,positive,5,1,0,1,0,0,0,0
143974,positive,4,1,0,1,1,0,1,0
143983,positive,4,1,1,1,1,1,1,1
143991,positive,5,1,0,1,1,0,0,0
144076,positive,5,1,0,0,0,0,0,0
144089,positive,4,1,0,0,1,0,0,0
144110,positive,5,0,1,0,0,0,0,1
144117,positive,5,0,0,0,0,0,0,1
144121,positive,5,1,1,1,1,1,0,1
144125,positive,5,1,1,1,1,1,0,1
144212,positive,5,1,1,1,1,1,1,1
144230,negative,1,0,0,1,0,0,0,0
144240,positive,5,1,0,1,1,0,1,0
144305,positive,5,1,0,1,1,1,1,0
144306,positive,5,0,1,1,1,1,0,1
144438,positive,5,1,1,1,1,1,1,1
144443,positive,5,1,0,1,1,0,1,1
144444,negative,2,1,0,1,1,0,1,0
144512,positive,5,1,0,1,0,0,1,0
144518,positive,5,1,0,0,0,1,1,0
144523,positive,5,1,0,1,0,0,0,0
144542,positive,5,1,0,1,0,0,0,0
144548,negative,1,0,0,0,0,0,0,0
144553,positive,5,1,0,1,1,0,1,0
144556,positive,5,1,0,1,1,0,1,0
144570,positive,5,0,1,0,1,1,0,1
144624,negative,1,1,0,1,0,0,0,0
144712,positive,5,1,0,1,1,0,0,0
144729,positive,4,0,0,1,1,1,0,0
144805,negative,2,0,0,0,0,0,0,0
144818,positive,5,0,0,1,0,0,1,0
144870,positive,5,0,0,1,0,0,0,0
144877,positive,4,0,0,0,0,0,0,0
144911,positive,5,1,1,1,0,0,0,0
144915,negative,1,1,0,0,0,0,0,0
144920,positive,4,1,1,1,1,0,0,0
144974,positive,4,1,1,1,1,1,0,1
144993,positive,4,1,0,1,1,1,1,1
144997,positive,5,0,0,1,1,1,0,0
145002,positive,4,0,0,1,1,0,1,0
145009,positive,5,1,0,0,0,0,1,0
145040,positive,5,0,1,1,1,1,1,1
145073,positive,4,0,1,1,1,1,1,1
145086,negative,2,0,0,1,1,0,0,1
145119,positive,5,0,0,0,0,0,0,0
145127,positive,4,0,0,0,0,0,0,1
145132,negative,2,0,0,1,0,0,0,0
145195,positive,4,0,1,1,1,1,1,1
145244,negative,1,0,1,0,1,1,0,0
145258,negative,1,0,0,0,0,0,0,0
145332,positive,5,1,1,1,1,1,1,1
145357,positive,5,1,1,1,1,1,1,1
145409,negative,2,1,0,1,0,0,0,1
145432,positive,5,0,0,1,1,1,0,1
145452,negative,1,0,0,1,0,0,0,1
145497,positive,4,0,1,1,0,1,0,0
145573,positive,5,1,0,0,0,0,0,0
145645,negative,1,1,0,0,0,0,0,0
145714,positive,5,0,0,0,0,0,0,0
145720,positive,4,0,0,1,0,1,0,1
145747,positive,5,0,0,1,1,0,1,0
145801,positive,4,1,0,0,1,0,1,0
145815,negative,2,1,0,0,0,0,1,0
145819,positive,4,1,1,1,1,1,1,1
145845,positive,4,1,1,1,1,1,1,1
145871,positive,5,1,1,1,1,1,0,0
145915,negative,2,1,0,1,0,0,0,0
145989,positive,4,1,1,1,1,1,0,0
146072,positive,5,1,1,1,1,1,0,1
146090,positive,4,1,1,1,1,1,0,0
146091,positive,5,1,1,1,1,1,0,0
146099,positive,5,1,1,1,1,1,1,1
146118,positive,5,1,1,1,1,1,1,1
146134,positive,5,1,1,1,1,1,1,1
146169,positive,4,1,1,1,1,1,1,1
146179,positive,4,1,1,1,1,1,1,1
146207,positive,5,1,0,1,1,0,0,1
146229,positive,4,0,0,1,1,1,0,0
146267,positive,4,1,0,0,0,0,0,1
146331,positive,4,0,0,1,1,1,0,1
146359,negative,1,1,0,0,0,0,0,1
146362,positive,5,0,0,1,0,0,0,0
146364,positive,4,0,1,1,1,1,0,1
146498,positive,5,0,1,1,1,1,0,1
146520,positive,4,0,1,1,1,1,0,1
146551,positive,5,0,0,1,1,1,0,0
146557,positive,5,1,1,1,1,1,1,0
146593,positive,5,0,0,1,1,1,0,0
146640,positive,4,1,1,1,1,1,1,1
146675,positive,4,0,0,1,1,0,1,0
146721,negative,1,1,0,0,0,0,0,0
146852,negative,2,1,0,1,1,0,0,0
146865,positive,4,0,0,1,0,0,0,0
146898,positive,4,1,1,1,1,1,1,1
146919,positive,5,0,0,1,1,0,0,0
146962,positive,4,0,1,1,1,1,1,0
146985,positive,5,0,0,1,0,0,0,0
147004,positive,5,0,0,1,1,1,0,0
147013,positive,5,0,0,1,0,0,0,0
147038,positive,5,0,1,1,1,1,0,0
147064,negative,2,0,0,1,0,0,0,0
147096,positive,5,0,0,1,1,1,0,0
147127,positive,5,0,0,1,1,1,1,1
147133,positive,5,0,0,1,1,1,1,0
147146,negative,2,1,0,1,1,1,0,0
147187,positive,4,0,0,1,0,0,0,0
147345,positive,4,0,0,1,1,1,0,1
147348,positive,5,0,0,1,1,1,0,1
147365,positive,5,1,1,1,1,1,0,1
147390,negative,2,1,0,0,1,1,0,1
147398,positive,4,1,0,1,1,1,1,1
147416,positive,5,1,0,1,1,1,0,0
147440,positive,4,1,0,1,1,1,0,0
147444,negative,1,1,0,1,0,0,0,1
147474,positive,5,1,0,1,1,1,0,0
147475,neutral,3,1,1,1,1,1,1,1
147478,positive,4,0,0,1,1,0,0,0
147493,positive,5,0,0,1,1,1,0,0
147504,positive,4,0,0,1,0,1,0,0
147556,positive,5,0,0,1,1,0,1,1
147626,positive,5,0,0,1,1,1,1,0
147631,positive,5,0,0,1,1,1,0,0
147673,positive,5,0,0,1,0,0,0,0
147692,positive,5,0,0,1,1,0,0,0
147787,positive,5,0,0,1,1,1,0,0
147804,negative,1,1,0,0,1,0,0,1
147879,positive,5,0,1,1,1,1,0,1
147925,positive,4,1,0,1,1,1,0,0
147977,positive,5,0,0,1,0,0,0,0
147988,positive,4.5,1,0,1,1,1,0,0
148039,negative,2,1,1,1,1,1,0,0
148050,negative,2,1,0,0,0,0,0,0
148162,negative,1,1,0,0,0,0,1,0
148170,positive,5,0,0,1,1,1,0,0
148191,negative,1,1,0,0,0,0,0,0
148208,positive,4,0,0,1,1,0,0,1
148234,negative,1,1,0,0,0,0,0,0
148246,positive,5,0,0,1,1,1,1,1
148274,positive,4,0,0,1,0,1,1,0
148288,positive,5,0,0,1,0,1,0,0
148351,positive,5,1,1,1,1,1,1,0
148443,positive,5,1,1,1,1,1,1,1
148444,positive,5,0,0,1,1,1,1,1
148516,positive,4,0,0,1,1,0,1,0
148534,positive,5,0,0,1,0,0,1,1
148546,positive,5,1,0,1,1,0,0,0
148567,positive,5,1,1,1,1,1,1,1
148590,negative,1,0,0,1,0,0,1,0
148633,positive,5,0,0,1,0,0,0,0
148677,positive,5,1,1,1,1,1,1,1
148679,positive,5,1,1,1,1,1,0,0
148714,positive,5,0,0,1,0,0,0,0
148748,positive,5,1,0,1,0,1,0,0
148749,positive,5,1,1,1,1,0,0,0
148780,positive,4,0,1,1,1,0,0,0
148814,positive,5,1,1,1,1,0,0,0
148832,positive,5,0,0,0,0,0,0,0
148938,negative,2,1,1,0,0,0,0,0
148939,negative,1,1,0,1,1,1,0,0
149035,positive,4,0,0,1,1,1,0,0
149072,positive,5,0,0,1,0,0,0,0
149091,negative,1,1,0,1,0,0,0,0
149096,positive,5,1,0,1,1,1,0,0
149130,positive,4.5,0,1,1,1,1,0,1
149169,negative,2,0,1,0,0,1,1,1
149178,negative,2,0,1,1,1,1,0,1
149251,negative,1,1,0,0,0,0,0,0
149271,negative,2,1,0,0,0,0,0,1
149325,positive,5,0,1,1,1,1,0,0
149335,positive,5,0,1,1,1,1,0,0
149342,negative,1,1,0,0,0,0,0,0
149399,positive,4,0,0,0,0,0,0,0
149428,positive,5,0,0,1,1,1,0,0
149489,positive,5,0,0,1,1,1,0,0
149505,positive,5,0,0,1,1,1,0,0
149527,positive,5,0,0,0,0,0,0,0
149582,positive,5,1,0,1,1,1,0,1
149586,positive,5,1,0,1,1,0,0,0
149651,positive,4.5,0,0,1,0,0,0,0
149653,positive,5,0,0,1,1,0,0,0
149657,positive,5,0,0,1,1,1,0,0
149710,positive,4,0,0,1,1,1,0,0
149719,positive,5,1,0,1,0,1,0,0
149732,positive,4,1,0,0,0,0,0,1
149754,positive,5,1,1,1,1,1,0,1
149822,positive,4,1,0,0,0,0,0,1
149826,positive,4,1,1,1,0,1,0,1
149878,positive,4,1,0,0,0,0,0,0
149950,neutral,3,1,0,1,1,1,0,0
149994,positive,5,1,0,1,0,0,0,0
150005,positive,5,1,0,1,0,0,0,0
150019,positive,4,0,1,1,1,1,0,1
150049,positive,5,0,0,0,0,0,0,0
150061,positive,5,0,0,1,0,1,0,0
150103,positive,5,0,0,1,0,0,0,0
150132,positive,5,0,0,1,1,1,0,0
150165,positive,5,0,0,1,1,1,0,0
150194,positive,5,1,0,1,0,1,0,0
150210,positive,5,0,0,1,0,0,0,0
150317,positive,4,0,1,1,1,1,1,0
150329,positive,5,0,0,1,0,1,0,0
150364,positive,4.5,0,0,0,0,0,0,1
150410,positive,5,0,0,1,1,0,0,1
150460,positive,5,0,1,1,0,1,0,1
150495,positive,5,0,1,1,1,1,0,1
150511,positive,5,1,0,0,0,1,0,0
150595,positive,5,1,0,1,0,0,0,0
150611,positive,5,1,0,0,0,0,0,0
150625,positive,4,1,1,1,0,1,1,0
150683,positive,5,0,0,1,0,0,0,0
150790,negative,2,1,0,1,0,1,0,0
150875,positive,5,1,0,1,1,0,0,0
150882,positive,5,1,0,1,0,0,0,0
150885,positive,4,1,0,1,0,0,0,0
150971,negative,2,1,0,0,0,0,0,0
150978,positive,4,1,1,1,1,1,0,1
151005,negative,2,0,0,1,0,0,0,0
151035,negative,1,1,0,0,0,0,0,0
151062,negative,1,1,0,1,0,0,1,0
151128,positive,4,0,0,1,1,1,0,0
151137,positive,4.5,0,0,0,1,0,0,0
151168,positive,4,1,0,1,1,1,0,0
151329,positive,5,0,0,1,0,0,0,0
151351,positive,5,0,0,1,1,1,0,0
151360,positive,4,1,1,1,1,1,0,1
151468,negative,1,1,0,1,0,1,0,0
151481,negative,1,1,0,1,0,0,0,0
151502,negative,2,1,0,1,0,1,0,1
151523,positive,5,0,0,1,0,0,0,0
151538,positive,4,1,0,1,0,1,0,0
151621,positive,4,1,1,1,0,0,0,0
151628,positive,4,1,1,0,0,1,0,0
151655,positive,5,1,1,1,1,1,0,0
151689,positive,5,0,0,1,0,0,1,0
151803,positive,5,0,0,1,1,0,1,0
151806,positive,5,0,0,1,0,1,1,1
151821,positive,5,1,0,1,0,1,0,0
151836,positive,4,0,0,1,0,0,0,0
151858,negative,1,1,0,0,0,0,0,0
151903,positive,4,0,0,1,0,1,0,1
151913,negative,1,1,0,0,0,1,1,0
151944,positive,4,1,1,1,1,1,1,1
151972,positive,5,0,0,0,0,0,0,0
152047,negative,1,1,0,0,0,0,0,0
152052,positive,4,0,0,1,0,0,0,0
152062,negative,1,1,0,1,1,0,0,0
152067,positive,4,0,0,1,0,1,0,0
152085,positive,5,1,0,1,1,0,0,0
152096,positive,5,1,0,1,1,0,0,0
152102,positive,4,1,0,1,1,1,0,0
152127,positive,5,1,1,1,1,1,0,1
152182,negative,1,1,0,0,0,0,0,0
152189,negative,1,0,0,1,0,0,0,0
152216,positive,4,1,1,1,1,1,0,0
152226,positive,5,1,0,1,1,0,0,0
152260,positive,5,0,0,0,0,0,0,0
152347,positive,5,0,1,1,1,1,0,1
152366,negative,1,0,0,0,0,1,0,0
152391,neutral,3,1,1,1,0,1,1,0
152441,negative,2,0,1,1,0,1,1,1
152455,positive,4,0,1,1,1,1,1,1
152480,positive,4,0,1,1,1,1,1,1
152523,positive,5,0,0,0,0,0,0,0
152568,positive,4,0,0,1,0,0,0,0
152575,negative,1,1,0,0,0,0,0,1
152640,positive,5,0,0,1,1,1,0,0
152668,positive,5,0,0,1,1,1,0,1
152698,positive,4,0,0,1,1,0,0,0
152717,positive,5,0,0,1,0,0,0,0
152724,neutral,2.5,0,0,0,0,0,0,0
152734,positive,5,0,0,1,0,0,0,0
152793,neutral,3,1,1,1,1,1,0,0
152864,negative,2,1,0,1,0,0,0,0
152873,positive,4,0,0,1,1,0,0,0
152933,negative,2,0,0,0,0,0,0,0
153020,positive,4,1,0,1,1,0,0,0
153044,positive,4,0,1,1,1,1,0,0
153046,positive,5,0,0,0,0,0,1,0
153051,positive,5,0,0,1,0,0,1,0
153058,negative,1,1,0,0,0,0,0,1
153100,positive,4,0,0,1,0,0,0,0
153113,positive,5,1,0,1,1,0,0,0
153149,positive,4,1,0,1,0,0,0,0
153213,positive,4,1,0,1,0,0,0,0
153227,positive,5,1,1,1,1,1,1,0
153269,negative,2,0,1,0,1,1,0,0
153354,positive,5,1,0,1,0,0,1,0
153366,negative,1,1,0,0,0,0,0,0
153370,positive,5,1,0,0,0,0,1,0
153379,positive,4,1,0,1,0,1,1,1
153381,positive,4,1,0,1,0,0,0,0
153458,positive,5,1,0,1,0,1,1,1
153530,negative,0,1,0,0,0,0,0,0
153566,positive,5,0,0,1,1,1,0,0
153585,positive,5,1,1,1,1,1,0,0
153595,negative,1,0,0,1,0,1,0,1
153622,positive,4,0,0,1,1,0,0,0
153627,positive,4,1,1,1,1,1,1,1
153660,neutral,3,0,0,0,1,0,0,0
153663,positive,5,0,0,1,1,0,0,0
153694,positive,5,0,0,1,0,1,0,1
153703,positive,5,0,0,1,0,0,0,1
153706,positive,5,0,0,1,1,1,0,0
153809,positive,5,0,1,1,1,1,0,0
153828,positive,5,0,0,1,0,0,0,0
153835,positive,5,0,1,1,1,1,0,0
153847,positive,5,0,0,1,1,1,0,0
153885,positive,5,0,1,1,1,1,0,0
153897,positive,5,0,0,1,0,0,0,0
153914,positive,5,0,0,1,1,0,0,0
153946,positive,5,0,0,1,1,0,0,0
153968,positive,4,0,1,1,1,1,1,1
154013,positive,4,0,1,1,1,0,0,1
154028,positive,5,1,0,1,1,1,0,1
154046,negative,1,1,0,0,0,0,0,1
154085,neutral,3,0,0,1,1,1,0,1
154103,positive,5,1,0,1,1,0,1,1
154109,positive,4,1,1,1,1,1,0,1
154119,positive,4,0,0,1,1,1,0,1
154129,positive,4,0,0,1,1,0,0,0
154151,negative,3,0,0,1,1,1,0,1
154201,positive,5,0,0,0,0,0,0,0
154209,positive,5,0,0,1,0,0,0,0
154219,positive,5,0,0,1,1,0,0,1
154228,positive,4,0,0,1,0,0,0,1
154261,positive,5,1,0,1,1,1,0,0
154273,positive,4,1,0,1,1,1,0,0
154280,positive,5,1,0,1,1,1,1,0
154340,negative,2,1,0,1,1,0,0,0
154393,positive,4,0,1,1,1,1,0,1
154464,negative,1,1,0,0,0,0,0,0
154489,positive,5,0,1,1,1,1,0,1
154560,positive,5,0,0,1,0,0,1,0
154610,positive,5,0,0,1,1,0,0,1
154640,positive,4,0,0,1,0,0,0,0
154646,positive,5,0,0,1,1,1,0,0
154656,positive,5,0,0,1,1,1,0,1
154683,positive,5,0,0,1,0,0,0,0
154700,positive,5,0,0,1,0,0,0,1
154721,negative,2,1,0,1,1,1,1,1
154729,neutral,3,0,0,1,1,0,1,1
154744,positive,4,1,1,1,1,1,1,1
154776,negative,2,1,0,1,0,0,0,1
154784,positive,4.5,1,1,1,1,1,1,1
154842,positive,5,1,0,1,1,1,0,0
154957,negative,1,1,0,0,0,0,0,0
154961,negative,2,0,0,0,0,0,0,1
154962,neutral,3,0,0,0,0,0,0,0
154979,positive,4,0,1,1,1,0,0,0
155017,neutral,3,0,0,1,0,0,0,0
155098,positive,5,1,0,1,0,0,0,0
155147,positive,4,1,1,1,1,0,0,1
155176,positive,4,0,0,0,0,0,0,0
155200,positive,4,0,0,1,0,1,0,0
155208,negative,2,0,0,1,0,1,0,1
155262,positive,5,1,0,1,1,1,0,0
155298,positive,5,0,0,1,0,0,0,0
155312,positive,4.5,0,0,1,1,0,0,0
155341,positive,5,0,0,1,0,0,0,0
155351,positive,4.5,0,0,1,0,0,0,0
155356,positive,5,1,0,1,0,0,0,0
155378,positive,5,0,0,1,0,0,0,0
155413,positive,4,0,0,1,0,1,0,0
155423,negative,1,0,0,1,0,1,0,0
155454,positive,5,0,0,1,0,0,0,0
155485,positive,4.5,1,1,1,1,0,1,0
155493,negative,1,1,0,0,0,0,0,0
155509,positive,4,0,0,1,1,1,1,1
155529,positive,4,0,1,1,0,1,1,0
155536,positive,5,0,0,1,0,0,0,0
155542,positive,5,0,1,1,1,1,1,0
155545,positive,5,0,0,1,1,1,1,1
155551,positive,5,0,0,1,1,1,0,1
155553,positive,5,1,1,1,1,0,0,0
155555,positive,5,1,0,1,1,1,0,1
155566,neutral,3,0,0,1,1,1,0,0
155568,negative,2,1,0,0,1,0,0,1
155578,positive,4,1,0,1,0,0,0,0
155593,neutral,3,0,0,1,1,1,0,0
155618,neutral,3,0,1,1,0,1,0,1
155681,neutral,3,1,0,0,0,1,1,1
155692,negative,1,1,0,1,0,0,0,1
155724,negative,1,1,0,1,0,1,1,0
155755,negative,2,0,0,1,0,0,0,1
155858,neutral,3,1,0,0,0,0,0,0
155893,negative,2,0,0,1,0,0,0,1
156010,positive,4,1,1,1,0,1,0,0
156021,positive,4,0,1,0,0,0,0,0
156064,positive,4,0,1,1,1,0,1,0
156094,negative,2,1,0,1,0,0,1,0
156151,negative,2,1,0,1,1,1,0,1
156155,positive,5,0,0,1,1,0,0,0
156159,positive,5,0,0,1,0,0,0,0
156196,neutral,3,0,0,1,0,0,0,0
156264,positive,5,0,0,0,0,0,1,0
156350,positive,4,1,1,1,1,0,1,0
156370,negative,1,1,0,0,0,0,0,0
156393,positive,4,0,0,1,1,1,1,1
156411,negative,2,1,0,1,1,1,0,1
156420,positive,5,0,0,1,0,0,1,0
156438,positive,5,0,0,1,1,1,1,1
156446,positive,5,0,0,1,0,0,0,0
156459,negative,1,1,0,0,0,0,0,0
156574,positive,4,0,0,0,0,0,0,0
156598,neutral,3,0,1,1,1,1,0,1
156617,positive,4,0,0,1,1,1,1,1
156621,positive,5,0,0,1,1,1,0,0
156632,negative,2,0,0,1,1,0,1,1
156644,positive,5,1,0,1,1,1,1,0
156648,positive,5,1,0,1,1,0,1,0
156653,positive,4,1,0,1,0,0,1,0
156731,positive,5,0,0,0,0,0,0,0
156739,negative,1,1,0,0,0,0,0,0
156752,positive,4,0,0,1,1,0,1,0
156757,positive,5,1,0,1,1,0,1,0
156805,positive,5,0,0,1,0,1,1,1
156839,negative,1,1,0,1,0,0,1,0
156908,positive,5,0,0,1,0,1,1,1
156928,positive,5,0,0,1,1,1,1,0
156961,positive,4,1,0,0,1,1,0,0
156966,negative,1,0,0,0,0,0,0,0
156983,positive,5,0,0,1,0,1,0,0
156998,positive,4,0,0,1,0,1,1,0
157003,positive,4,1,0,1,1,1,1,0
157018,positive,4,0,0,1,0,0,0,0
157028,positive,5,1,0,1,1,1,1,0
157035,positive,5,0,0,1,0,0,0,0
157056,negative,2,1,0,1,0,0,0,0
157063,positive,5,0,0,1,0,0,0,0
157064,positive,5,0,0,1,1,1,1,1
157102,positive,5,1,0,1,0,1,1,0
157168,positive,5,0,1,1,1,1,0,0
157169,positive,5,1,1,1,1,1,0,1
157202,positive,5,0,0,1,0,0,0,0
157216,positive,4,1,0,1,0,0,0,0
157228,positive,4,1,0,1,0,0,0,0
157234,negative,2,1,0,1,0,0,0,1
157266,positive,5,0,0,1,0,0,0,0
157335,positive,4,0,0,1,0,0,0,0
157341,negative,1,1,0,0,0,0,0,0
157357,positive,5,0,0,1,1,1,0,1
157456,positive,4,0,0,1,0,0,1,0
157482,negative,1,1,0,0,0,0,0,0
157535,neutral,3,0,0,1,0,0,0,0
157556,positive,5,0,0,1,0,0,0,0
157583,positive,5,0,0,1,1,1,0,0
157608,negative,2,1,0,1,0,0,0,0
157615,negative,1,1,0,1,1,0,0,0
157623,positive,5,1,0,1,1,0,1,0
157626,positive,5,1,0,1,1,0,1,0
157648,negative,2,1,0,1,0,0,0,0
157668,positive,5,0,0,1,1,1,0,1
157687,positive,5,0,0,1,1,1,0,0
157697,positive,5,0,1,1,1,1,0,1
157713,positive,5,0,0,1,0,0,0,0
157760,positive,5,0,1,1,1,1,0,1
157792,positive,4,0,0,1,1,0,0,1
157801,positive,5,0,0,1,0,0,0,0
157852,positive,4,0,0,1,1,0,1,0
157894,negative,2,1,0,1,0,1,1,0
157895,positive,4,0,1,1,0,1,1,1
157906,positive,4,0,0,1,0,0,0,0
157936,positive,5,0,0,1,0,0,1,0
157984,positive,5,0,0,1,1,0,0,0
158008,positive,5,0,0,1,0,0,0,0
158034,positive,5,0,0,1,0,0,0,0
158041,positive,5,0,1,1,0,0,0,0
158051,positive,5,0,0,1,0,0,0,0
158057,positive,5,0,0,1,1,0,0,0
158107,positive,5,1,0,1,1,0,0,0
158125,positive,5,1,0,1,1,0,0,0
158151,positive,5,0,0,1,0,0,0,0
158180,positive,4,0,0,1,0,0,0,0
158191,positive,5,0,0,1,0,0,0,0
158198,positive,5,1,0,1,0,0,0,0
158267,positive,5,1,0,1,0,0,0,0
158268,positive,4.5,1,0,1,0,0,1,0
158280,negative,1,1,0,1,0,0,0,0
158287,positive,5,0,0,1,0,0,0,0
158319,negative,1,1,0,0,0,0,0,0
158335,positive,4,1,0,1,1,1,1,1
158415,negative,2,1,0,1,1,0,0,0
158463,positive,5,0,1,1,0,0,0,0
158476,positive,5,0,0,1,1,0,0,0
158512,positive,5,0,0,1,0,1,0,0
158537,positive,5,0,0,1,1,1,0,1
158625,negative,2,0,0,0,1,1,0,0
158637,positive,4,0,0,1,0,0,0,0
158643,negative,2,0,1,1,0,1,0,1
158683,negative,1,1,0,1,0,1,0,1
158688,positive,5,1,1,1,1,1,0,1
158696,positive,5,0,0,1,0,0,0,0
158710,positive,4,1,0,1,0,0,0,1
158711,negative,2,1,0,1,0,0,0,0
158717,positive,5,0,0,1,1,1,0,1
158726,positive,5,0,1,1,1,1,0,1
158733,positive,5,0,0,1,1,1,0,0
158759,positive,5,0,0,1,1,1,1,1
158782,negative,1,1,0,0,0,0,0,0
158819,positive,4,1,0,1,1,1,0,0
158834,positive,5,0,0,1,1,1,1,0
158848,positive,4,0,0,1,1,1,0,1
158884,negative,1,1,0,0,0,0,0,0
158891,positive,4,0,0,1,0,1,0,0
158892,negative,1,0,0,0,0,1,1,0
159012,negative,1,1,0,0,0,0,0,0
159109,positive,5,1,0,1,0,0,0,0
159130,positive,5,0,0,1,0,0,0,0
159156,positive,5,1,0,1,0,1,0,0
159216,positive,5,0,0,1,0,1,0,0
159242,positive,5,0,0,1,0,0,0,0
159364,positive,5,0,0,1,0,0,0,0
159394,positive,5,0,0,1,0,0,0,0
159396,positive,5,0,1,1,1,0,0,0
159497,positive,5,0,0,1,1,1,0,1
159505,positive,5,1,0,1,1,0,0,0
159526,positive,4,0,0,1,0,0,0,0
159559,negative,2,1,0,1,0,0,0,0
159574,positive,4,0,0,1,0,0,0,0
159584,positive,5,0,0,1,1,1,0,0
159637,positive,5,0,0,1,1,1,0,1
159698,positive,4,0,0,1,0,0,1,0
159749,positive,5,0,0,1,0,1,0,0
159792,negative,1,0,0,1,0,0,0,0
159820,negative,1,0,0,1,0,0,0,0
159872,positive,4,0,0,1,0,1,0,0
159876,positive,5,0,0,1,1,0,0,0
159878,positive,4,0,0,1,0,1,0,0
159909,positive,5,0,0,1,0,0,1,0
159955,positive,5,0,0,1,1,0,1,0
159975,positive,5,0,0,1,0,0,0,0
159989,positive,5,1,0,1,1,1,1,1
159995,positive,4,0,0,1,1,0,0,0
159997,positive,4,1,0,1,0,0,0,0
160015,positive,5,1,0,1,0,0,0,0
160144,positive,5,1,0,1,1,1,0,0
160146,positive,5,1,0,1,1,1,1,0
160148,positive,5,0,0,1,1,0,1,0
160152,positive,4,0,1,1,1,1,0,1
160153,negative,2,1,0,1,0,1,0,1
160186,positive,5,1,0,1,0,1,0,0
160187,positive,5,1,0,1,1,1,0,1
160212,neutral,3.5,0,0,1,0,0,0,0
160215,negative,3,0,0,1,0,1,0,1
160228,positive,5,0,0,1,0,0,1,0
160274,positive,5,0,0,1,0,0,0,0
160325,positive,4,1,1,1,1,1,1,1
160326,positive,5,0,0,1,1,0,0,0
160329,positive,5,0,0,1,1,0,0,0
160370,positive,5,0,0,1,1,1,0,1
160422,positive,5,1,1,0,1,0,0,0
160427,positive,5,1,1,1,1,1,1,0
160454,positive,4,1,1,1,1,0,0,0
160455,positive,4,1,1,1,1,1,1,0
160493,negative,1,1,0,0,0,0,1,0
160540,positive,4,1,1,1,1,1,1,0
160549,positive,5,1,1,1,1,1,1,0
160567,neutral,3,0,1,1,0,1,1,0
160606,neutral,3.5,0,1,1,1,1,1,0
160623,positive,5,0,0,0,0,0,0,0
160638,positive,5,1,1,1,1,0,1,0
160710,negative,1,0,0,0,0,1,0,1
160741,positive,4,0,1,1,1,1,0,1
160770,positive,5,0,1,0,1,1,0,0
160822,negative,1,0,0,0,0,1,0,0
160943,negative,1,1,0,0,1,0,0,0
160944,negative,1,1,0,0,0,1,0,0
160963,positive,4,0,1,1,1,1,0,1
160975,positive,4,1,1,1,1,1,1,0
161009,positive,4,0,0,1,0,0,1,0
161010,positive,4,1,0,1,1,1,1,1
161049,neutral,3,0,1,1,1,0,1,0
161062,positive,5,1,1,1,1,1,1,1
161097,positive,5,1,1,1,1,1,1,0
161119,positive,4,0,1,1,1,1,1,0
161161,positive,4,1,1,1,1,1,0,0
161207,positive,4,0,1,1,1,1,1,1
161232,positive,4,0,0,0,1,1,1,0
161255,negative,1,1,0,1,0,0,0,1
161267,positive,5,0,1,1,1,1,0,1
161277,negative,2,1,1,0,1,1,0,0
161391,positive,5,1,0,1,1,0,0,0
161395,positive,4,0,1,1,1,1,1,0
161400,negative,1,0,1,1,0,0,1,0
161410,positive,5,1,1,1,1,1,1,1
161413,positive,5,0,0,0,1,0,0,0
161448,neutral,3,0,1,0,0,0,0,1
161456,positive,4,0,1,1,1,1,0,0
161468,positive,4,0,0,0,0,0,1,0
161476,positive,5,1,0,0,1,1,1,0
161483,positive,4,1,1,1,1,1,0,0
161541,negative,1,1,0,0,0,0,0,0
161562,negative,1,1,0,1,0,0,1,0
161578,positive,4,0,0,1,1,1,1,0
161603,positive,4,0,1,1,0,0,0,0
161641,positive,5,1,1,1,0,1,1,0
161682,positive,4.5,1,1,1,1,1,1,1
161734,negative,1,1,0,0,0,0,0,0
161736,positive,4,1,1,0,0,0,0,0
161784,negative,1,0,0,0,0,0,0,0
161809,negative,2,0,0,1,1,1,0,1
161830,positive,4,0,0,0,0,1,0,0
161886,positive,5,1,1,1,1,1,1,0
161888,positive,5,1,1,1,1,1,1,0
161923,negative,1,1,0,0,0,1,0,0
161935,positive,4,0,1,0,0,1,0,0
161963,positive,5,0,0,1,1,1,0,0
162005,positive,4,0,1,1,1,1,0,0
162006,neutral,3,1,1,1,1,0,1,0
162029,positive,4,1,0,0,1,0,1,0
162061,positive,5,1,1,1,1,0,0,0
162083,positive,5,0,1,0,1,0,0,0
162084,negative,1,0,0,0,0,1,0,0
162087,neutral,3,0,0,1,1,1,0,1
162089,negative,2,1,0,0,0,0,0,0
162091,positive,5,1,0,0,1,0,0,0
162107,positive,5,0,0,0,0,0,0,0
162165,neutral,3,1,0,1,0,1,1,1
162177,negative,2,1,0,1,0,0,1,0
162182,positive,5,1,1,0,1,1,1,0
162189,negative,1,1,0,1,0,0,0,0
162203,negative,1,1,0,0,0,0,0,0
162229,positive,4,0,1,1,1,1,0,1
162283,neutral,3.5,0,1,0,1,0,0,0
162303,negative,1,1,0,0,0,0,0,0
162320,negative,1,1,0,0,0,0,0,0
162362,negative,1,1,0,0,0,0,0,0
162371,negative,1,1,0,0,0,0,0,0
162404,positive,4,0,0,0,1,0,1,0
162425,negative,1,1,1,0,1,1,0,1
162496,positive,4,1,1,1,1,1,0,1
162540,positive,5,0,0,1,1,1,0,0
162562,positive,4,0,1,1,1,1,1,1
162580,negative,1,1,0,0,0,0,0,1
162581,negative,1,1,1,0,1,0,0,0
162619,negative,2,0,0,0,0,0,0,0
162644,negative,1,1,0,0,0,0,0,1
162690,positive,5,0,1,0,1,1,0,1
162717,positive,4,0,1,0,1,1,0,1
162777,negative,1,0,0,0,0,0,0,0
162790,negative,1,0,0,0,0,0,0,0
162792,negative,1,1,0,0,0,0,0,0
162793,negative,1,1,0,0,1,0,0,0
162846,neutral,3,0,1,0,0,1,0,0
162855,neutral,3,0,1,0,1,1,0,1
162904,negative,1,1,0,0,0,0,1,0
162907,negative,1,1,0,1,0,1,1,1
162937,negative,2,1,0,1,1,1,1,1
162960,negative,1,1,0,0,0,0,1,0
162972,negative,1,1,0,0,0,0,1,0
162975,negative,1,1,0,0,0,0,1,0
162987,negative,1,1,0,1,1,0,1,1
163037,negative,1,1,0,0,0,0,0,0
163045,positive,5,1,0,1,1,1,1,0
163054,positive,5,1,1,1,1,0,1,0
163087,positive,4,1,0,1,1,0,1,0
163121,negative,1,1,0,0,0,0,1,0
163132,negative,2,0,0,0,0,0,0,1
163156,positive,5,1,1,1,1,1,1,0
163165,positive,4,1,1,1,1,1,0,0
163233,positive,5,0,1,1,1,1,0,0
163266,positive,5,1,1,1,1,0,1,0
163279,negative,1,1,0,0,0,0,0,1
163385,negative,2,1,0,1,1,0,1,1
163388,positive,5,1,1,1,1,1,0,1
163412,negative,2,1,0,1,0,0,1,0
163473,positive,5,1,1,1,1,1,1,0
163510,positive,4,0,0,0,1,1,1,0
163542,positive,5,1,0,1,1,1,0,1
163566,negative,2,1,0,0,1,0,0,0
163575,positive,4,1,0,0,1,0,0,1
163578,positive,5,1,1,1,1,0,0,0
163586,positive,5,1,1,1,1,0,0,0
163596,positive,5,1,0,1,1,0,1,0
163620,positive,5,1,0,0,0,0,1,0
163689,positive,4,1,0,1,1,0,1,0
163758,negative,2,0,0,1,0,0,0,0
163794,positive,4,0,1,1,0,0,1,0
163868,positive,4,0,1,0,1,0,0,0
163922,positive,4,1,0,0,0,0,0,0
163939,negative,1,1,0,0,0,0,0,0
163965,negative,1,0,0,1,1,1,1,0
163968,negative,1,0,1,1,0,0,0,0
164046,negative,1,1,0,0,0,0,0,0
164072,negative,1,1,0,0,0,1,0,1
164084,negative,1,1,0,0,1,0,0,0
164085,negative,1,1,0,0,0,0,0,0
164126,positive,5,1,0,0,0,0,0,0
164175,positive,4,1,0,1,0,1,0,0
164245,positive,4,0,0,0,1,0,1,0
164269,positive,4,1,0,1,0,0,1,0
164286,negative,0,0,0,0,0,0,0,0
164320,positive,4,0,1,0,1,1,1,0
164332,negative,1,1,0,0,0,0,0,0
164393,positive,4,0,0,1,0,1,0,0
164409,negative,2,1,0,1,0,1,0,1
164418,positive,5,0,0,1,1,1,1,0
164426,negative,2,1,0,1,0,0,0,0
164597,positive,5,0,0,1,1,0,0,1
164601,positive,5,0,1,1,1,1,0,1
164645,positive,5,0,1,0,1,0,0,0
164716,positive,5,1,0,0,0,0,0,0
164744,negative,2,1,0,1,0,0,0,1
164757,negative,1,1,0,1,0,0,1,1
164776,positive,4,1,0,1,1,0,1,0
164789,positive,5,0,0,1,1,0,1,0
164809,positive,5,1,1,1,1,1,1,0
164850,positive,5,0,0,1,0,0,0,0
164928,positive,5,1,1,1,1,1,0,0
164948,neutral,3,1,0,1,1,1,0,0
164949,neutral,3,0,1,1,0,1,0,1
164985,positive,5,0,1,1,1,0,0,0
165029,negative,1,1,1,0,0,1,1,0
165054,positive,4,1,0,1,1,1,1,0
165133,positive,4,1,1,1,1,1,0,1
165148,negative,1,1,1,0,1,0,0,0
165159,positive,4,1,1,1,1,1,0,0
165182,positive,5,0,0,1,0,0,0,0
165216,negative,2,1,1,1,1,1,1,0
165252,positive,5,1,1,0,0,0,1,0
165312,positive,5,1,1,1,1,1,0,0
165327,positive,5,1,0,1,0,0,0,0
165333,positive,5,1,1,1,1,1,0,0
165343,positive,5,1,1,1,1,0,0,0
165361,positive,5,1,1,1,1,0,1,0
165372,positive,4,0,1,1,1,1,0,0
165429,positive,5,0,1,0,1,0,1,0
165469,positive,5,1,1,0,1,1,1,0
165518,positive,5,1,1,1,0,1,1,0
165552,positive,5,0,1,0,0,0,1,0
165558,positive,5,1,1,1,1,0,1,0
165576,positive,5,1,1,1,1,0,1,0
165593,positive,5,1,1,1,1,1,1,0
165626,negative,1,1,0,1,1,1,1,0
165635,positive,5,0,1,1,1,1,1,0
165642,positive,4,1,1,1,1,1,1,0
165675,positive,4,1,1,0,1,1,1,0
165694,positive,4,1,1,0,0,1,1,0
165712,positive,4,1,1,1,0,1,1,0
165716,positive,5,1,1,1,1,1,1,0
165759,negative,1,1,1,0,0,1,0,0
165913,negative,1,0,0,1,0,1,1,1
165914,negative,1,0,0,0,0,0,1,0
165930,positive,5,0,0,1,1,1,1,1
165965,neutral,3,0,0,1,1,1,1,1
165984,positive,5,0,0,1,1,1,1,1
166018,positive,5,0,0,0,0,0,1,0
166053,positive,5,1,1,1,1,1,1,1
166066,positive,5,1,0,0,1,0,1,0
166121,positive,4,1,1,1,1,1,1,1
166166,positive,5,1,1,1,1,0,1,0
166174,positive,5,1,1,0,0,0,1,0
166233,neutral,3,1,0,1,0,1,1,0
166294,negative,1,0,0,0,0,0,1,0
166313,positive,5,0,1,1,1,1,0,0
166353,negative,1,1,0,0,0,0,0,0
166426,positive,5,0,1,0,1,1,0,0
166495,positive,4,1,1,1,1,1,0,1
166501,positive,4,1,1,1,1,1,1,0
166583,positive,4,0,0,0,0,0,1,0
166596,positive,4,1,1,1,1,1,1,0
166602,negative,1,0,0,0,0,0,0,0
166629,negative,1,1,0,0,0,0,0,0
166638,positive,4,1,1,1,1,1,1,1
166654,negative,1,1,0,1,0,0,0,0
166662,neutral,3,1,1,1,1,1,0,0
166739,positive,5,1,1,1,1,1,1,1
166743,positive,4,1,1,1,1,1,1,1
166757,positive,5,1,1,1,1,0,1,0
166812,positive,4,1,1,1,1,1,1,1
166821,positive,4,0,1,0,1,1,1,0
166891,positive,5,1,1,1,1,1,1,1
166893,positive,5,1,1,1,1,1,1,1
166894,positive,4,1,1,1,1,1,0,1
166895,neutral,3,0,1,0,1,1,0,1
166924,positive,4,1,1,1,1,1,0,0
166941,positive,5,0,1,1,1,1,0,1
166956,neutral,3,0,1,0,0,0,0,1
166966,positive,5,0,1,1,1,1,1,0
167043,positive,4,0,0,0,0,0,0,0
167045,positive,4,1,0,0,0,0,0,0
167126,negative,1,1,0,0,0,0,0,0
167131,negative,0,0,0,1,0,0,0,0
167137,negative,1,1,0,0,0,1,0,1
167141,positive,4,0,1,0,0,1,0,1
167244,negative,1,0,0,0,0,0,0,0
167265,negative,1,1,0,1,0,0,0,1
167292,negative,1,1,0,1,0,1,0,0
167344,positive,5,1,0,0,0,0,0,0
167350,positive,5,1,1,0,1,1,0,0
167373,negative,2,0,1,0,1,1,1,0
167390,positive,4,1,1,0,1,1,0,0
167398,negative,2,1,0,0,0,0,0,0
167407,positive,5,0,0,1,0,0,0,0
167432,negative,1,0,0,0,0,1,1,1
167553,negative,1,1,1,0,0,0,1,0
167562,positive,4,0,0,0,0,0,0,0
167566,negative,2,1,1,0,0,1,0,1
167575,positive,4,1,0,1,0,0,0,0
167587,positive,4,1,1,0,1,1,0,0
167640,positive,5,1,1,0,1,1,1,1
167680,positive,4,1,1,1,1,0,0,0
167690,negative,2,1,1,1,1,1,0,1
167703,negative,1,1,0,0,0,0,0,0
167731,negative,2,0,1,0,1,0,0,0
167741,negative,2,0,1,0,0,1,0,1
167765,positive,5,0,0,0,1,0,0,0
167768,negative,1,0,0,0,0,1,0,1
167793,positive,5,0,0,0,0,0,0,0
167795,negative,1,0,0,0,0,0,0,0
167800,negative,1,0,0,0,1,0,0,0
167809,positive,5,0,0,1,1,1,0,0
167836,negative,2,1,0,1,0,1,0,0
167856,negative,1,1,0,0,0,1,0,0
167864,positive,5,1,0,1,0,0,1,0
167875,negative,1,0,0,0,0,1,1,0
167877,positive,4,0,0,0,1,0,1,0
167898,positive,5,1,1,1,1,1,0,0
167915,positive,5,1,1,1,1,1,0,0
167952,positive,5,0,0,1,1,0,0,0
167965,positive,5,1,0,1,1,1,1,0
167996,positive,4,1,1,1,1,1,1,1
168000,negative,1,0,0,1,0,0,0,0
168025,negative,1,1,0,0,0,0,0,0
168048,negative,1,0,0,0,1,1,0,0
168058,negative,2,0,0,0,0,1,0,0
168131,positive,5,1,1,0,0,0,0,0
168137,positive,4,1,1,1,0,0,1,0
168142,positive,4,1,0,0,0,0,0,0
168150,negative,1,0,0,0,0,0,0,0
168183,negative,1,1,0,0,0,0,0,0
168209,positive,4,1,1,1,1,1,1,1
168293,neutral,3,1,1,0,1,1,1,1
168308,negative,1,0,0,0,0,0,0,0
168347,neutral,3,0,0,0,0,0,0,0
168361,positive,5,1,1,1,1,1,1,1
168370,negative,1,1,0,0,0,0,0,0
168379,negative,2,0,0,1,0,0,1,0
168394,positive,5,1,1,1,1,1,1,0
168428,positive,5,1,1,1,1,1,1,0
168446,positive,5,1,0,1,0,0,1,0
168493,negative,1,1,0,0,0,0,0,0
168503,negative,1,0,0,0,0,0,0,0
168508,positive,4,1,1,1,1,1,1,0
168550,positive,5,1,1,1,1,0,1,0
168590,positive,5,1,1,1,1,1,1,0
168628,negative,3,0,0,0,0,0,0,1
168639,positive,4,1,1,1,1,1,1,1
168640,positive,4,1,0,1,1,1,1,0
168711,positive,5,0,0,0,0,0,0,0
168715,neutral,3,1,0,0,0,1,0,0
168761,neutral,3,1,1,1,1,1,0,0
168771,positive,5,1,0,0,0,0,0,0
168786,positive,4,1,1,1,1,1,1,0
168810,positive,5,1,0,1,0,0,0,0
168847,positive,4,1,0,0,0,0,0,0
168881,negative,1,1,1,1,0,1,0,1
168886,negative,2,1,0,0,1,1,0,0
168892,negative,1,0,0,0,1,1,1,1
168919,positive,4,1,1,1,1,1,1,0
168923,positive,4,1,1,0,1,0,1,0
168932,negative,1,1,0,1,0,0,0,0
168960,positive,4,1,0,1,1,0,0,0
169000,positive,5,1,0,0,0,0,0,0
169130,positive,5,1,0,0,0,0,0,0
169198,positive,4,1,1,1,1,1,1,1
169214,negative,1,0,0,0,0,0,0,1
169259,positive,5,1,1,1,1,0,1,0
169339,positive,5,1,0,0,0,0,1,0
169348,neutral,3,1,1,1,0,1,0,0
169365,positive,4,1,1,1,0,0,1,0
169377,positive,4,1,1,1,1,1,1,0
169389,positive,5,1,0,0,0,0,1,0
169401,positive,5,1,1,1,1,0,1,0
169402,positive,5,1,1,1,1,1,1,0
169411,positive,4,1,0,0,0,1,1,0
169447,positive,5,1,1,1,0,1,1,1
169482,positive,4,0,0,1,0,0,1,0
169487,positive,5,1,1,1,1,1,1,1
169512,positive,5,0,1,1,0,1,1,0
169610,positive,5,0,0,0,0,0,0,0
169633,neutral,3,1,0,0,1,0,0,0
169648,positive,4,1,0,0,0,0,1,0
169671,negative,1,1,0,0,0,1,1,0
169673,positive,5,0,1,1,1,1,1,1
169717,positive,5,0,1,1,1,1,1,1
169722,positive,4,1,1,1,1,0,1,0
169752,positive,5,1,1,0,1,1,1,0
169761,positive,5,0,0,0,0,0,1,0
169769,neutral,3,1,0,0,1,0,1,0
169817,positive,4,0,0,1,1,1,1,0
169827,neutral,3,1,0,1,1,1,0,0
169874,positive,4,1,0,1,1,1,0,0
169911,positive,5,1,0,1,1,0,0,0
169918,positive,5,1,0,1,1,1,1,1
169938,positive,5,1,0,1,0,0,0,0
169964,positive,4,1,0,0,0,0,0,0
169998,positive,5,1,0,1,1,0,0,0
170008,neutral,3,1,0,1,1,1,0,0
170073,positive,5,1,0,1,0,0,0,0
170086,positive,5,1,0,0,0,0,0,0
170134,neutral,3,1,0,1,0,1,0,1
170144,positive,4,1,0,1,1,0,1,0
170160,negative,1,1,0,0,0,0,0,0
170178,negative,1,1,0,0,0,0,1,0
170191,positive,5,0,0,0,0,0,1,0
170196,positive,5,1,0,1,1,0,1,0
170202,neutral,3,0,0,0,0,0,0,0
170252,positive,4,1,0,1,0,1,1,0
170258,positive,5,1,0,0,0,0,1,0
170274,positive,4,1,0,1,0,1,1,0
170295,positive,5,1,0,1,0,0,1,0
170326,positive,4,1,1,1,1,1,1,1
170334,neutral,3,0,0,0,1,0,0,0
170364,positive,5,1,0,1,1,0,0,0
170384,neutral,3,1,0,1,1,0,1,0
170387,positive,5,0,0,0,0,0,0,0
170413,negative,2,0,0,0,0,1,0,0
170429,positive,5,1,0,1,1,0,0,0
170431,positive,5,1,0,1,1,0,1,0
170433,positive,4,1,0,1,1,1,0,0
170579,positive,4,1,0,0,0,1,1,0
170588,positive,5,0,1,1,1,1,0,0
170598,positive,5,0,0,1,0,0,0,0
170630,positive,5,1,0,0,0,0,1,0
170640,positive,4,1,0,1,1,1,0,0
170665,negative,1,1,0,0,0,1,0,0
170683,positive,5,1,0,0,0,0,1,0
170687,positive,4,1,0,0,0,0,1,0
170746,positive,5,1,1,1,1,0,1,0
170787,positive,5,1,0,1,1,1,1,0
170799,neutral,3,1,0,0,0,0,1,0
170812,positive,4,1,0,1,1,0,1,0
170836,positive,5,1,1,1,1,1,1,0
170840,positive,5,0,0,1,1,1,0,0
170929,negative,2,1,0,0,0,1,1,0
170972,positive,5,1,1,1,1,1,1,0
171089,positive,5,1,1,1,1,1,1,0
171121,positive,4,1,0,1,1,1,0,0
171126,positive,5,1,0,1,0,1,1,0
171140,positive,5,1,0,0,0,0,1,0
171165,positive,5,1,0,1,0,0,1,0
171215,positive,4,1,1,1,1,1,1,0
171301,positive,4,0,1,1,1,1,1,1
171322,positive,4,1,0,1,0,1,1,0
171329,positive,5,1,1,1,1,1,1,1
171334,negative,1,1,0,0,0,1,1,0
171339,negative,1,1,0,0,0,0,0,1
171362,negative,1,0,0,0,0,1,0,0
171373,neutral,3,0,0,0,0,1,0,1
171406,positive,4,1,0,1,0,0,1,1
171412,neutral,3,1,0,1,0,1,1,0
171427,positive,5,1,0,1,0,1,1,0
171431,positive,4,1,0,1,0,0,1,0
171451,negative,2,1,0,1,0,1,0,0
171461,positive,5,1,0,1,1,1,1,0
171480,positive,5,1,0,1,1,1,1,1
171551,negative,1,1,0,0,0,1,0,0
171655,positive,5,1,1,1,1,1,1,0
171710,positive,4,0,0,1,0,0,1,0
171746,positive,5,1,0,1,0,1,1,0
171762,positive,5,1,1,1,1,1,0,0
171786,positive,4,1,0,1,1,0,1,0
171798,negative,1,1,0,0,0,0,1,0
171827,positive,5,1,0,0,0,0,1,0
171893,positive,5,1,0,1,0,1,1,0
171900,positive,5,0,1,1,1,1,1,1
171901,positive,5,1,1,1,1,1,1,0
171932,positive,4,1,1,1,1,1,1,1
171969,negative,1,1,0,0,0,1,0,0
171987,negative,1,0,0,0,0,1,0,0
172020,negative,2,0,0,1,0,1,1,0
172038,positive,4,1,1,1,1,1,1,0
172064,negative,2,0,0,1,0,0,0,0
172089,positive,4,1,0,1,0,0,1,0
172099,positive,5,1,0,1,0,0,1,0
172107,positive,4,1,0,0,1,1,1,0
172170,positive,5,1,0,1,1,0,0,0
172191,positive,4,0,0,1,0,0,1,0
172226,positive,4,1,0,1,0,0,1,0
172229,negative,1,1,0,0,0,0,1,0
172279,positive,4,1,0,1,1,0,1,0
172281,positive,5,1,1,1,1,1,0,0
172312,negative,2,1,0,0,0,0,0,0
172351,positive,4,1,0,1,0,0,1,0
172407,positive,4,0,0,1,1,1,1,0
172444,positive,4,1,0,1,0,1,1,0
172445,positive,5,0,0,0,0,0,0,0
172460,negative,2,0,0,0,0,0,1,0
172473,negative,1,0,0,0,0,1,0,0
172482,positive,4,0,1,1,0,1,1,0
172491,positive,5,1,0,0,0,0,0,0
172499,positive,4,1,0,0,0,0,0,0
172530,positive,4,1,0,1,0,0,0,1
172546,positive,4,1,0,0,0,1,0,1
172571,positive,5,1,0,0,0,0,0,0
172577,positive,5,1,0,0,0,0,0,0
172579,positive,4,1,0,1,0,0,1,0
172610,positive,5,1,0,1,0,1,1,0
172630,positive,5,1,0,1,0,0,0,0
172674,positive,5,1,0,1,0,0,1,0
172688,positive,4,0,0,1,0,0,1,0
172693,positive,4,1,0,0,0,0,1,0
172712,positive,5,1,0,1,1,1,0,0
172862,positive,4,1,0,1,0,0,0,0
172881,positive,4,1,0,1,0,0,1,0
172922,positive,5,1,0,0,0,0,1,0
172926,positive,4,1,0,0,0,1,1,0
172928,positive,5,1,0,0,0,0,1,0
172951,positive,5,1,0,0,0,0,0,0
173078,positive,5,1,0,0,0,0,0,0
173104,positive,5,1,1,1,0,0,1,0
173111,positive,5,1,1,1,0,0,1,0
173150,neutral,3,1,0,0,1,1,1,0
173195,positive,5,1,0,1,0,0,0,0
173254,positive,5,1,0,1,0,0,0,0
173269,positive,5,1,0,1,0,0,0,0
173322,positive,4,1,0,1,1,1,0,0
173329,positive,5,1,0,1,0,0,1,0
173356,positive,5,1,0,0,0,0,0,0
173366,positive,5,1,0,1,0,0,0,0
173420,positive,5,1,0,0,0,0,0,0
173422,positive,5,1,0,0,0,0,0,0
173430,positive,4,1,0,0,1,1,1,0
173456,positive,5,1,0,0,0,0,0,0
173483,positive,5,1,0,1,1,0,1,1
173484,positive,5,1,1,1,1,1,1,1
173490,positive,5,0,1,1,1,1,1,0
173491,positive,5,1,1,1,1,1,1,1
173497,neutral,3,1,1,0,1,1,1,0
173540,positive,4.5,1,0,1,0,0,0,0
173550,negative,1,1,0,0,0,0,0,0
173582,positive,4.5,1,1,1,1,1,1,0
173609,positive,4,1,1,1,1,0,0,0
173625,positive,5,1,0,0,0,0,0,0
173659,negative,1,0,0,1,0,0,0,0
173669,negative,1,0,0,0,0,1,0,1
173678,negative,1,0,0,1,0,1,0,1
173718,negative,1,1,0,0,0,0,0,1
173724,positive,4,1,0,1,1,1,0,0
173741,negative,1,1,0,0,0,0,0,0
173743,negative,2,1,0,0,0,0,0,0
173770,positive,4,1,1,0,1,0,1,0
173775,positive,5,1,0,1,0,0,1,0
173867,positive,5,1,1,1,1,1,1,1
173876,positive,4,1,0,1,0,0,0,0
173915,positive,5,1,0,0,0,0,0,1
173926,neutral,3.5,0,0,1,1,1,0,1
173943,neutral,0,0,0,0,0,0,0,0
174003,positive,4,1,0,1,0,0,1,0
174159,negative,2,0,0,1,0,1,1,1
174160,positive,5,1,0,1,1,1,0,0
174168,positive,5,1,0,1,0,1,1,0
174179,positive,5,1,0,0,0,0,1,0
174209,neutral,3,0,0,0,0,0,0,0
174223,positive,4,1,1,0,1,0,1,0
174330,positive,4,1,0,0,1,0,1,0
174362,negative,1,0,0,0,0,0,0,0
174369,positive,5,1,0,1,0,0,0,0
174414,positive,5,1,0,0,1,0,1,0
174442,negative,1,1,0,0,0,1,0,1
174459,positive,4,1,0,0,0,1,0,0
174472,positive,4,1,0,1,0,1,0,0
174486,positive,4,1,0,1,1,1,0,1
174503,positive,5,1,0,1,0,0,0,0
174535,negative,1,1,0,0,0,0,0,0
174670,positive,4,1,1,1,1,1,1,1
174696,positive,4,1,1,1,1,1,0,1
174697,neutral,3,0,0,0,0,0,0,0
174770,negative,2,0,0,0,0,1,0,1
174786,negative,1,0,0,0,0,1,0,0
174900,positive,4,1,0,1,1,1,0,0
174901,positive,5,1,0,0,0,0,0,0
174998,positive,5,1,0,1,1,1,0,1
175047,positive,5,1,1,1,1,1,1,1
175053,positive,5,1,0,1,1,0,1,0
175073,positive,4.5,1,0,0,0,0,0,0
175122,positive,5,1,1,1,1,1,1,1
175173,positive,4,1,0,1,1,1,1,0
175192,positive,5,1,0,1,0,0,0,0
175270,negative,2,1,0,1,1,0,0,0
175282,positive,4,1,0,1,0,0,0,0
175352,positive,5,1,0,0,0,0,0,0
175398,positive,4,1,0,1,1,0,0,0
175482,positive,4,1,0,1,0,0,1,0
175522,positive,4,1,0,0,0,0,1,0
175564,positive,5,1,0,1,0,0,1,0
175582,positive,5,1,0,1,0,0,1,0
175589,positive,5,1,1,1,0,0,1,0
175630,positive,4,1,0,1,1,0,1,0
175631,positive,4,1,1,1,1,0,1,0
175710,negative,3,1,0,1,1,1,0,1
175750,positive,4,1,0,1,0,1,0,1
175763,positive,4,1,0,1,1,1,1,1
175787,positive,5,0,0,0,0,0,0,0
175858,negative,1,1,0,0,0,0,1,0
175871,positive,4,1,0,1,0,0,1,0
175897,positive,4,1,0,1,0,0,0,1
175954,positive,5,1,0,0,0,0,1,0
175963,positive,5,1,0,1,1,1,1,0
175997,positive,4,1,0,1,1,1,1,0
176018,positive,5,1,0,1,0,0,0,0
176173,positive,5,1,0,1,0,0,0,0
176175,positive,4,0,1,1,1,0,1,0
176206,positive,4,1,1,1,1,1,1,0
176250,negative,1,0,0,0,0,0,0,0
176291,positive,4,0,1,1,1,1,1,1
176296,positive,4,0,0,0,0,0,0,0
176306,positive,4,1,1,1,1,0,0,0
176315,positive,5,1,1,1,0,0,0,0
176383,positive,5,1,1,1,1,1,1,0
176390,positive,5,1,1,1,1,1,1,0
176401,positive,5,1,1,1,1,0,1,0
176428,negative,2,1,1,1,0,1,1,1
176437,negative,2,1,1,0,1,1,0,0
176444,positive,5,1,1,1,1,0,1,0
176560,neutral,3,1,0,0,1,0,1,0
176567,positive,4,1,1,0,1,0,0,1
176602,positive,4,1,1,0,1,1,0,0
176618,positive,4,1,1,0,0,0,0,0
176639,negative,1,0,0,1,0,1,1,0
176669,negative,1.5,1,0,1,0,0,1,0
176693,positive,5,1,1,1,1,1,0,0
176695,positive,5,1,0,0,1,1,0,0
176723,negative,1,1,1,0,0,1,0,0
176729,negative,1,1,0,0,0,0,0,0
176775,positive,4,0,1,1,1,1,1,1
176778,positive,4,0,1,0,0,1,0,1
176790,negative,1,1,1,0,1,1,0,0
176802,negative,2,1,0,0,0,0,0,1
176830,neutral,3,0,1,1,1,1,1,1
176835,positive,4,1,1,1,1,1,0,1
176908,positive,4,1,1,1,1,1,0,1
176914,positive,5,1,1,0,1,0,1,0
176921,negative,1,0,0,0,0,0,0,0
176930,positive,4,1,1,1,1,1,0,0
176968,positive,4,1,1,1,1,0,1,0
176990,positive,5,1,1,1,1,1,1,0
177015,negative,1,1,0,0,0,0,0,0
177020,positive,5,1,0,0,0,0,1,0
177026,positive,5,1,0,0,0,0,0,0
177083,neutral,3,0,1,0,1,1,0,1
177094,positive,5,1,1,1,1,0,1,0
177162,positive,5,1,1,1,1,1,1,0
177175,positive,5,1,1,1,1,0,0,0
177196,positive,5,1,1,1,1,1,0,0
177326,neutral,3,0,1,1,0,1,1,0
177335,positive,4,1,1,1,1,1,1,1
177354,positive,5,1,1,1,1,1,1,0
177418,negative,2,1,0,0,0,0,0,0
177451,negative,1,1,0,0,0,0,0,0
177479,negative,1,1,0,0,0,1,0,1
177483,positive,5,1,1,1,1,1,1,1
177528,positive,4,1,1,1,0,0,0,0
177543,negative,2,1,0,1,0,1,1,0
177553,positive,4,1,1,1,1,1,1,0
177641,positive,5,1,1,1,1,1,1,1
177649,negative,1,0,0,0,0,0,0,1
177656,positive,4,1,1,1,0,0,1,0
177658,positive,5,1,1,1,1,1,1,1
177726,positive,5,1,1,1,1,0,1,0
177737,positive,5,1,1,1,0,1,1,0
177739,positive,4,1,1,1,0,1,1,0
177758,negative,2,1,0,1,0,1,0,0
177788,positive,5,1,1,1,1,0,1,0
177840,negative,2,0,1,1,0,0,1,0
177858,positive,5,0,0,0,0,0,1,0
177871,positive,4,0,1,1,0,1,1,0
177894,negative,2,0,0,0,1,1,1,0
177896,positive,4,0,1,1,0,1,1,0
177950,positive,4.5,1,1,1,0,1,1,0
177980,neutral,3,1,1,1,1,1,0,0
177981,positive,5,1,1,1,1,1,1,0
177986,negative,2,0,0,1,0,0,1,0
178044,positive,5,1,1,1,1,1,1,1
178063,neutral,3,0,0,0,0,0,0,0
178087,negative,1,1,0,1,0,1,0,0
55,positive,5,0,1,0,0,0,0,0
87,positive,5,0,0,1,0,0,0,0
125,positive,5,1,1,1,1,0,1,0
174,positive,5,1,0,0,0,0,1,0
213,positive,5,1,0,1,1,0,1,0
309,positive,5,0,1,1,1,1,1,1
341,positive,4.5,1,1,1,1,1,1,1
343,positive,5,1,0,1,0,0,0,0
349,negative,1,0,0,0,0,0,0,1
372,positive,4,1,1,1,0,0,1,0
383,positive,5,1,1,1,1,1,1,0
399,positive,5,0,0,1,0,0,0,0
441,positive,5,0,0,1,0,0,0,0
461,positive,4,1,0,1,1,1,1,0
574,positive,5,1,1,1,0,1,1,0
583,negative,2,1,0,1,1,1,0,0
614,positive,4,1,1,1,0,0,1,0
632,negative,2,0,0,1,1,1,0,0
652,negative,1,1,0,0,0,0,0,0
653,positive,5,0,0,0,0,0,1,0
716,negative,1,1,0,0,0,0,0,0
730,negative,1,1,0,0,0,0,0,1
787,neutral,3,1,0,0,0,0,1,0
815,negative,1,1,0,0,1,1,1,0
885,positive,4,1,0,0,0,0,0,0
891,positive,5,1,0,1,0,0,0,0
910,positive,4,0,1,1,1,1,0,0
934,positive,5,0,0,1,1,1,0,0
940,positive,5,1,0,1,1,1,1,1
991,negative,1,0,0,0,0,0,0,0
1009,positive,5,1,0,0,1,1,1,0
1026,positive,5,0,0,1,1,0,1,0
1042,neutral,3,1,0,1,0,1,0,0
1175,positive,5,1,0,0,0,1,0,0
1186,negative,1,0,0,0,0,0,0,0
1207,positive,4,0,0,1,0,0,0,0
1208,negative,1,1,0,0,0,0,0,0
1264,negative,1,1,0,0,0,1,0,0
1280,positive,5,1,0,1,1,1,1,1
1284,positive,4,0,0,1,1,1,1,1
1424,positive,4,1,0,0,0,0,1,0
1467,negative,1,0,0,0,0,1,1,0
1499,positive,5,0,0,1,0,0,0,0
1544,positive,4,0,1,0,1,1,0,0
1613,negative,1,0,0,0,0,0,0,0
1636,positive,4,1,1,0,1,0,0,0
1659,positive,5,1,1,0,1,1,0,0
1680,positive,5,0,0,1,1,0,0,0
1687,positive,5,1,1,1,1,1,1,0
1689,positive,4,1,0,0,1,0,0,0
1757,negative,1,0,0,0,0,0,0,0
1864,positive,5,1,1,1,1,1,0,1
1884,negative,1,1,0,0,0,0,0,0
1934,positive,5,1,1,1,1,0,0,0
1944,positive,5,1,0,0,0,0,0,0
1957,positive,5,1,1,1,1,1,1,0
1975,positive,5,1,1,0,1,0,0,0
2060,positive,4,1,1,1,1,1,1,0
2091,negative,1,1,0,0,0,0,0,0
2137,positive,4,1,0,0,0,0,0,0
2206,negative,1,1,0,0,0,0,0,0
2215,negative,1,1,0,0,0,0,0,0
2218,positive,4,0,0,1,0,0,0,0
2231,negative,1,1,0,0,0,0,0,0
2243,negative,2,0,0,1,1,1,0,0
2251,positive,4,0,0,1,0,1,0,0
2281,negative,1,1,0,0,0,0,0,0
2296,neutral,3,0,1,0,0,1,0,0
2308,positive,4,0,0,1,1,0,0,0
2339,negative,2,1,0,0,1,0,0,0
2343,positive,4,1,0,1,0,0,1,0
2347,positive,4,1,1,1,1,0,1,0
2359,neutral,3,0,0,1,0,1,1,0
2361,negative,1,1,0,0,0,0,0,0
2371,neutral,3,1,0,1,1,1,1,0
2454,negative,1,1,0,0,0,0,0,0
2468,positive,4,1,0,0,0,0,0,0
2487,positive,5,1,0,0,0,0,0,0
2498,negative,1,1,0,0,1,1,0,0
2514,positive,4,1,0,0,0,1,0,0
2586,positive,4,1,0,1,1,1,1,0
2596,negative,2,0,0,0,0,1,1,0
2625,positive,5,0,0,0,0,0,0,0
2747,positive,4,1,0,0,1,0,0,0
2776,positive,4,1,1,1,1,0,1,0
2817,negative,1,1,0,0,0,0,0,0
2828,positive,4,1,0,0,0,0,1,0
2870,negative,1,0,0,0,0,0,0,0
2985,positive,4,1,1,1,1,0,1,0
3028,positive,4,1,1,1,1,0,1,0
3054,positive,5,1,1,1,1,0,1,0
3068,negative,1,1,0,0,0,0,0,0
3101,positive,4,0,1,1,1,0,0,0
3122,positive,5,1,1,1,1,0,0,0
3128,positive,5,1,1,1,0,0,0,0
3138,negative,1,1,0,0,0,0,0,0
3184,positive,5,0,0,1,0,0,0,0
3211,positive,5,1,1,1,0,0,0,0
3221,positive,5,1,1,1,0,0,1,0
3266,positive,5,1,0,1,1,0,1,0
3324,neutral,3,0,1,1,0,0,1,0
3344,positive,4,0,0,0,1,1,1,0
3351,positive,5,0,1,1,1,0,1,0
3361,negative,1,1,1,1,1,1,1,1
3372,positive,4,1,1,1,1,1,1,1
3406,positive,5,0,0,1,0,0,1,0
3487,positive,5,1,1,1,1,1,1,0
3519,positive,4,1,1,1,0,1,1,0
3524,positive,5,0,0,1,0,0,0,0
3587,positive,4,0,0,1,0,0,0,0
3626,positive,4,0,0,1,0,0,0,0
3636,positive,5,0,0,1,1,1,0,1
3761,positive,5,1,1,1,1,1,1,0
3786,negative,2,1,1,1,1,0,1,0
3821,negative,1,1,0,0,0,1,0,0
3835,negative,1,1,0,0,0,0,0,0
3908,negative,1,1,0,0,0,0,0,0
3917,neutral,3,0,1,1,0,0,0,0
3924,negative,1,1,0,0,0,0,0,0
3966,positive,4,1,0,0,0,0,0,0
3973,positive,4,1,0,0,0,0,0,0
3983,positive,4,1,1,1,0,1,1,0
3985,positive,5,0,0,1,0,0,0,0
4006,positive,4.5,1,0,0,0,0,1,0
4018,positive,5,1,1,1,0,0,1,0
4019,neutral,3,1,1,1,1,1,0,0
4023,positive,5,1,1,1,0,0,0,0
4035,negative,1,0,0,0,0,0,1,0
4083,negative,1,1,0,0,0,0,1,0
4106,negative,1,1,0,0,0,0,0,1
4138,negative,1,1,0,0,0,0,0,0
4140,positive,4,0,0,1,0,0,0,0
4165,positive,4,0,1,1,1,1,0,1
4179,positive,5,1,1,1,1,1,0,0
4209,positive,5,0,1,1,1,1,0,0
4282,negative,1,1,0,1,0,0,0,0
4331,positive,4,1,1,1,1,1,1,1
4340,neutral,3,1,0,0,0,0,1,0
4353,positive,4,1,0,1,1,1,1,0
4360,positive,5,0,0,1,0,0,0,0
4386,positive,5,0,0,0,0,0,0,0
4471,negative,1,1,0,0,0,0,1,0
4490,positive,4,1,1,1,1,1,0,0
4495,negative,1,0,0,1,0,0,0,0
4510,positive,4,0,0,1,0,0,1,0
4545,positive,5,1,0,0,0,0,0,0
4555,positive,5,0,1,1,1,1,1,0
4579,positive,5,0,1,1,0,0,0,0
4585,positive,4,0,1,1,1,1,0,0
4597,positive,5,1,1,1,1,1,0,0
4608,positive,4,1,1,1,1,1,1,0
4614,positive,5,0,0,1,0,0,0,0
4628,negative,2,1,0,0,0,0,0,0
4692,positive,5,1,1,1,0,0,0,0
4697,positive,4,1,1,1,0,0,0,0
4709,negative,1,1,0,0,0,0,0,1
4724,positive,4,0,1,1,1,1,0,1
4757,positive,4,1,1,1,1,1,1,0
4761,positive,4,1,1,0,1,0,0,0
4767,neutral,3,0,0,0,0,0,0,0
4839,positive,4,1,1,1,1,1,1,0
4844,positive,4,1,1,1,1,1,1,0
4855,positive,5,1,0,0,0,0,0,0
4865,positive,5,1,0,0,0,0,0,0
4874,positive,5,1,1,1,1,1,1,0
4875,positive,4,1,0,0,0,0,0,0
4905,positive,5,1,1,0,0,0,0,0
4935,neutral,3,0,0,0,0,0,0,0
4952,positive,4,1,1,1,1,1,1,0
4959,positive,5,1,1,1,1,1,0,0
4979,positive,5,1,1,1,1,1,1,0
4983,positive,5,1,1,1,1,1,0,0
4990,positive,4,1,1,1,1,1,0,0
5024,positive,5,0,0,0,0,0,0,0
5025,positive,5,1,1,1,1,1,1,0
5032,positive,5,0,1,1,1,1,1,0
5138,negative,1,1,1,0,0,0,0,0
5181,negative,1,1,0,0,0,0,0,0
5212,positive,5,0,0,1,1,0,0,0
5259,positive,4,1,1,1,1,1,0,0
5274,positive,5,1,0,1,0,0,0,0
5310,positive,4,1,1,1,1,0,1,0
5317,positive,5,1,1,1,1,1,0,0
5379,positive,4,1,1,1,1,1,1,1
5419,positive,5,1,0,1,1,0,1,0
5436,positive,5,1,0,0,0,0,0,0
5470,negative,1,1,0,0,0,0,0,0
5520,neutral,3,0,0,0,0,0,0,0
5557,negative,1,0,0,0,0,0,1,0
5565,positive,4,1,1,1,1,1,0,0
5567,positive,4.5,0,0,1,1,1,0,0
5569,positive,5,1,1,1,1,1,1,0
5611,positive,5,0,1,1,0,0,0,0
5666,positive,5,0,0,0,0,0,1,0
5695,positive,4,1,1,1,1,1,1,0
5707,negative,1,1,1,1,0,0,1,0
5708,negative,1,1,0,0,0,0,0,0
5718,positive,5,1,1,1,0,0,0,0
5732,positive,5,1,1,1,0,0,0,0
5763,positive,5,1,1,1,0,0,0,0
5784,positive,5,0,0,1,0,0,0,0
5806,positive,5,1,1,1,0,1,0,0
5810,neutral,3,1,1,0,0,0,1,0
5829,negative,1,1,1,0,0,0,0,0
5907,positive,5,0,1,0,1,1,0,0
5926,negative,1,1,0,1,0,0,0,0
5953,negative,1,1,0,0,0,0,0,0
5962,negative,1,1,0,0,0,0,0,0
6015,positive,4,1,1,1,1,1,1,1
6029,positive,4,1,1,1,1,0,1,0
6112,positive,5,1,1,1,1,1,1,1
6124,positive,4,1,0,1,0,1,1,1
6147,negative,1,1,0,1,0,0,1,1
6332,negative,1,1,0,0,0,0,0,0
6386,positive,5,1,1,1,1,0,0,0
6487,negative,1,1,0,0,0,0,0,0
6578,positive,4,1,1,1,1,1,0,0
6581,positive,4,0,1,1,1,1,1,1
6593,positive,4,1,1,1,1,1,1,0
6609,positive,4,1,1,1,1,1,1,0
6611,negative,1,1,0,0,0,0,0,0
6620,negative,2,1,1,0,0,0,0,0
6637,positive,4,1,1,1,1,1,1,0
6657,positive,5,1,1,0,1,0,1,0
6666,neutral,3,1,0,0,0,0,1,0
6699,positive,5,1,1,0,1,1,1,0
6709,positive,4,0,1,1,0,1,1,1
6749,positive,4,1,1,1,1,1,0,0
6751,positive,4,1,1,0,0,0,0,0
6753,negative,1,1,0,1,0,0,0,0
6759,positive,4,0,1,1,1,1,1,1
6810,negative,1,1,0,0,0,0,0,1
6836,negative,1,1,0,1,1,0,0,0
6886,negative,2,1,0,0,1,1,0,0
6944,positive,5,1,0,1,0,0,0,0
7039,positive,4,1,1,1,1,1,0,0
7040,neutral,3,1,0,1,1,1,1,1
7090,positive,4,1,0,1,1,0,0,0
7114,positive,5,1,0,0,1,1,0,0
7143,positive,5,1,0,1,0,0,0,0
7220,positive,5,1,0,0,1,0,0,0
7235,negative,1,1,0,1,1,0,0,1
7247,neutral,3,1,0,0,0,0,0,0
7278,positive,4,1,0,1,1,0,0,0
7340,positive,5,1,1,1,1,1,0,0
7410,positive,5,1,0,1,1,0,0,0
7436,negative,1,1,0,0,0,0,0,1
7462,positive,4,1,1,1,1,1,1,1
7471,negative,2,0,0,1,0,1,0,0
7490,negative,3,1,0,1,1,1,0,1
7558,positive,5,0,0,0,0,0,0,0
7575,negative,1,0,0,0,1,1,0,1
7602,negative,1,1,0,0,0,0,0,0
7613,positive,5,0,0,1,1,1,0,1
7623,positive,5,0,0,1,0,0,0,0
7642,negative,2,0,0,0,0,0,0,0
7691,positive,4,1,0,1,1,0,0,0
7714,positive,4,1,0,1,1,0,1,0
7716,positive,5,1,0,1,1,0,1,0
7791,positive,5,0,1,1,1,0,0,0
7825,positive,4,0,0,1,1,1,1,0
7880,positive,5,0,0,0,0,0,0,0
7902,positive,4,0,0,1,1,0,0,0
7929,positive,5,0,0,1,1,1,0,0
7967,positive,5,0,0,1,0,0,0,0
8022,positive,5,0,0,1,0,0,0,0
8039,positive,5,0,1,1,1,1,1,1
8070,positive,5,0,0,1,1,0,1,0
8120,negative,1,1,0,0,0,0,0,1
8131,positive,5,0,0,1,1,1,0,1
8144,positive,5,0,0,1,1,0,0,0
8169,positive,5,0,0,1,1,1,1,0
8319,negative,1,1,0,0,0,0,0,0
8355,negative,1,1,0,0,0,0,1,0
8410,positive,4,0,1,1,1,1,1,0
8411,positive,5,0,0,1,1,0,0,0
8449,positive,4,1,1,1,1,1,1,0
8541,negative,1,1,0,0,0,0,0,0
8577,positive,4,0,0,1,1,1,1,0
8587,negative,1,1,0,0,0,0,0,0
8657,positive,4,1,0,1,1,1,1,1
8701,neutral,3,0,0,1,1,0,0,0
8754,positive,4,1,0,1,0,0,0,0
8785,neutral,3,0,0,1,1,1,0,0
8799,positive,5,0,1,1,1,1,1,1
8808,positive,4,0,0,1,1,1,1,1
8869,negative,2,0,0,1,0,0,1,1
8878,positive,4,1,1,1,1,0,1,0
8939,negative,1,0,0,0,0,0,0,0
8964,positive,5,0,0,1,1,0,0,0
8979,positive,5,0,0,1,0,0,0,0
9015,positive,5,0,0,1,0,0,0,0
9038,positive,4.5,0,0,1,1,1,1,1
9054,positive,5,0,0,1,1,0,0,0
9060,positive,5,0,0,1,1,1,0,0
9122,positive,5,0,0,1,1,1,0,1
9190,negative,1,0,0,0,0,1,0,1
9198,positive,5,0,0,1,0,0,0,0
9228,neutral,0,0,0,0,0,0,0,0
9294,positive,5,0,0,1,0,0,0,0
9323,positive,5,0,0,1,1,1,0,1
9324,positive,4,0,0,1,1,1,1,0
9337,positive,5,0,0,1,1,1,0,1
9361,positive,5,0,0,1,0,0,0,0
9396,positive,4,0,1,1,0,0,0,0
9402,positive,4,1,1,0,0,0,0,0
9461,negative,1,0,0,0,0,0,0,0
9509,positive,4,1,0,1,0,1,1,0
9510,positive,4,1,0,1,0,0,1,0
9529,positive,4,1,0,1,1,1,0,1
9538,positive,4,1,0,1,0,0,1,0
9539,positive,5,1,0,0,0,0,0,0
9569,negative,1,0,0,0,0,1,1,0
9588,positive,4,1,0,1,1,1,0,0
9692,positive,5,0,0,1,1,1,0,0
9739,positive,5,0,0,0,0,0,0,0
9783,positive,4,0,0,1,1,0,0,0
9821,positive,5,0,0,1,0,0,0,0
9822,positive,5,1,0,1,1,1,1,0
9862,positive,5,0,1,1,1,0,1,1
9968,positive,4,0,0,1,1,1,0,1
9978,positive,4,0,0,1,1,1,0,0
9979,positive,5,0,0,1,1,1,0,1
9989,positive,5,0,0,1,1,1,0,1
10095,negative,1,0,0,1,0,0,0,0
10118,negative,1,1,0,0,0,0,0,0
10181,positive,4,0,0,0,0,0,0,0
10206,negative,1,0,0,1,0,1,0,0
10231,positive,5,1,0,1,0,0,1,0
10236,positive,5,0,0,1,0,0,1,0
10244,positive,5,0,0,1,0,0,0,0
10245,positive,4,1,0,1,0,0,1,0
10262,positive,4,1,0,1,1,0,1,0
10323,positive,5,1,0,1,1,0,0,0
10344,positive,5,0,0,0,0,0,0,0
10402,positive,4,0,0,1,1,1,1,0
10417,positive,5,0,0,1,0,0,0,0
10440,positive,5,1,0,1,1,1,1,1
10450,neutral,3,0,0,1,1,1,1,0
10541,positive,4,1,0,1,0,0,1,0
10572,negative,1,0,0,0,0,0,1,0
10618,negative,1,0,0,0,0,0,0,0
10685,negative,2,0,1,0,0,1,1,1
10742,positive,5,1,1,0,1,0,1,0
10824,positive,5,1,1,0,0,0,1,0
10830,positive,4,1,1,1,1,0,1,0
10919,positive,4,1,1,1,1,0,0,1
10930,positive,4,1,1,1,1,0,0,0
11005,negative,1,0,0,0,0,0,0,0
11016,negative,1,1,0,0,0,0,0,1
11087,positive,4,0,0,1,0,0,0,0
11109,neutral,3,0,0,1,0,1,0,0
11140,negative,1,0,0,0,0,1,0,0
11160,positive,4,1,1,1,1,0,1,0
11223,neutral,3,0,0,1,1,0,1,0
11228,positive,4,1,1,1,1,1,1,0
11247,negative,1,0,0,1,0,0,0,0
11254,negative,1,1,0,0,0,0,0,1
11256,positive,4,1,1,1,1,1,1,1
11312,negative,1,1,0,0,0,0,0,0
11338,positive,4,1,1,1,0,0,1,0
11339,neutral,3,0,1,0,0,0,1,0
11375,negative,1,0,0,0,0,0,1,0
11420,positive,4,1,0,1,0,0,1,0
11439,positive,4,1,0,1,1,1,1,0
11461,positive,5,1,0,1,1,1,1,0
11479,positive,5,1,0,1,1,0,0,0
11496,negative,0,1,0,0,0,0,0,0
11568,negative,1,1,0,0,0,1,0,0
11595,positive,5,1,0,0,1,1,0,0
11645,negative,1,1,1,0,0,0,0,0
11651,positive,4,1,1,1,0,0,1,0
11673,negative,1,1,0,0,0,0,0,0
11727,positive,4,1,1,1,1,1,1,1
11824,positive,4,1,1,1,1,1,1,1
11862,positive,4,1,1,1,1,1,1,0
11876,positive,4,0,0,1,0,0,0,0
11884,positive,5,0,0,1,0,0,0,0
11914,positive,4,0,1,1,1,1,1,0
11932,negative,1,1,0,0,0,1,0,0
11948,positive,4,1,0,1,1,0,1,0
11959,positive,4,1,1,1,1,1,1,0
12055,positive,4,1,0,0,0,0,0,0
12059,positive,4,1,1,1,1,1,1,0
12089,positive,4,1,1,1,1,1,1,0
12106,negative,1,0,0,0,1,1,0,0
12161,negative,1,0,0,0,0,0,0,0
12167,negative,1,0,0,0,0,0,0,0
12190,negative,1,1,0,0,0,0,0,0
12197,negative,1,0,0,0,0,0,0,0
12275,negative,1,1,0,1,0,0,0,1
12284,negative,1,1,0,1,0,0,0,1
12300,positive,4,0,0,1,1,0,0,0
12421,positive,5,0,0,1,0,0,0,0
12430,negative,2,0,0,1,0,1,0,1
12446,positive,4,0,0,1,1,1,0,1
12485,negative,1,1,1,1,0,0,0,0
12575,positive,4,1,0,1,0,0,0,0
12577,negative,1,1,0,0,0,0,0,0
12599,negative,2,1,0,1,1,0,1,0
12635,positive,5,1,1,1,1,1,1,0
12642,positive,4,1,0,1,0,0,0,0
12677,negative,1,1,0,0,0,0,0,0
12710,negative,1,1,0,0,0,0,1,0
12721,negative,1,1,0,0,0,0,1,0
12739,positive,5,0,0,1,1,1,1,1
12770,positive,4,0,0,1,1,1,1,0
12779,positive,5,0,0,1,0,0,1,0
12793,positive,5,0,0,1,1,0,1,0
12849,positive,5,1,1,1,0,1,1,1
12854,positive,5,0,0,1,0,0,1,0
12871,positive,4,0,0,1,0,1,0,0
12950,positive,4,0,1,1,1,1,0,1
12962,positive,4,0,1,1,1,1,0,0
13003,positive,5,1,0,1,0,0,1,0
13068,negative,2,1,0,0,0,0,0,0
13073,positive,3,1,0,1,0,0,0,0
13122,positive,5,1,0,1,0,1,0,0
13135,positive,4,1,1,1,0,1,1,0
13204,positive,5,0,1,1,1,1,1,1
13228,negative,1,1,0,0,0,0,0,0
13303,negative,1,1,0,0,0,0,0,1
13309,positive,5,0,0,1,0,0,0,0
13312,positive,5,1,1,1,1,1,1,0
13315,positive,4,1,0,1,0,0,0,0
13325,negative,1,1,0,0,0,0,0,0
13372,negative,1,1,0,0,0,1,1,0
13441,positive,4,0,0,1,0,0,0,0
13460,positive,5,0,0,1,0,0,0,0
13461,positive,5,0,0,1,0,0,0,0
13494,positive,5,0,1,1,1,1,0,0
13513,positive,5,0,0,0,0,0,0,0
13543,positive,4,1,0,1,0,1,0,1
13551,negative,1,1,0,0,0,0,0,0
13566,positive,5,1,1,1,0,0,1,0
13568,positive,5,1,1,1,1,1,1,1
13573,positive,5,1,1,0,1,0,1,0
13590,positive,5,1,1,1,0,0,0,0
13606,positive,4,1,0,1,0,0,1,0
13614,positive,5,1,0,1,0,0,0,0
13620,positive,5,0,0,1,0,0,0,0
13628,positive,5,0,0,1,0,0,1,0
13641,positive,5,1,0,1,0,0,0,0
13651,positive,5,0,0,1,1,0,0,0
13771,positive,5,1,1,1,1,1,0,0
13809,positive,4,1,1,1,1,0,0,0
13813,neutral,3,0,0,1,0,0,0,0
13827,positive,4,1,1,1,1,0,0,0
13834,negative,1,1,0,0,0,0,0,0
13860,positive,5,1,1,1,1,1,0,0
13907,negative,1,1,0,0,0,0,0,0
13972,positive,5,1,1,1,1,1,0,0
14040,positive,5,0,0,0,0,0,0,0
14056,positive,5,1,1,1,1,1,1,0
14101,neutral,0,0,0,0,0,0,0,0
14128,negative,2,0,0,0,0,0,0,0
14167,positive,4,0,0,1,0,0,0,0
14175,positive,4,1,1,1,1,0,1,0
14176,negative,1,1,0,0,0,0,0,0
14222,positive,4,0,0,1,1,1,0,0
14233,positive,5,0,0,0,0,0,0,0
14255,neutral,3,0,0,0,1,1,0,0
14285,positive,3,1,0,1,1,0,0,0
14293,neutral,3,1,1,1,1,1,0,0
14308,positive,5,1,1,1,1,1,0,0
14316,neutral,3,1,0,0,0,0,0,0
14324,positive,5,1,1,1,1,1,0,0
14441,positive,5,0,0,1,0,0,0,0
14448,positive,4,1,1,1,1,1,1,1
14451,neutral,3,0,0,1,1,1,1,0
14576,negative,1,1,0,0,0,1,0,0
14594,positive,5,0,0,0,0,0,0,0
14692,positive,5,0,0,1,1,0,1,0
14700,positive,5,0,0,0,0,0,0,0
14714,neutral,0,0,0,0,0,0,0,0
14774,positive,4,0,1,1,1,0,1,0
14813,negative,2,0,1,1,0,0,1,0
14822,positive,4,1,1,1,0,0,1,0
14864,positive,4,1,0,1,0,1,1,1
14900,positive,5,1,1,1,1,1,0,0
14946,positive,4,1,0,0,1,1,1,0
14957,positive,4,1,0,1,1,1,1,0
15033,positive,5,1,0,0,0,0,0,0
15045,positive,4,1,1,1,0,0,1,0
15083,positive,5,1,0,0,0,0,0,0
15087,positive,4,1,0,0,0,0,0,0
15104,positive,4,1,0,1,0,0,0,0
15140,positive,5,1,1,1,1,1,0,0
15163,positive,4,1,0,1,0,1,1,0
15205,positive,5,1,0,1,1,1,0,0
15206,positive,4,0,1,1,1,1,1,1
15234,positive,5,1,0,0,0,0,0,0
15260,positive,4,1,1,1,0,0,1,0
15263,positive,5,1,0,1,0,0,1,0
15266,positive,5,1,0,0,0,0,0,0
15284,negative,2,1,0,0,0,0,0,0
15345,positive,5,1,0,1,1,1,1,1
15375,positive,5,1,1,1,1,1,1,1
15400,positive,5,1,1,1,1,1,1,0
15407,positive,4,1,0,0,0,0,0,0
15437,positive,4,0,1,1,0,0,1,0
15461,positive,4,1,1,0,0,0,0,1
15479,negative,1,0,0,1,0,0,1,0
15481,positive,4,0,1,1,1,0,1,0
15495,positive,5,0,1,1,1,1,1,0
15554,positive,5,0,1,0,1,0,0,0
15589,positive,5,1,1,1,1,0,0,0
15611,neutral,3,1,0,1,0,0,1,1
15641,positive,4,1,1,0,0,0,1,0
15715,positive,4,0,0,0,0,0,1,0
15735,positive,5,1,0,1,1,1,1,0
15737,positive,5,1,1,1,0,0,1,0
15740,positive,4,1,0,1,0,0,0,0
15744,neutral,3,1,0,0,0,0,0,0
15748,positive,5,1,1,0,0,0,1,0
15775,negative,1,1,0,0,0,0,0,0
15821,positive,4,1,1,1,1,1,1,0
15825,positive,4,1,1,0,1,1,1,0
15829,positive,5,1,0,0,0,0,0,0
15841,positive,5,0,0,1,0,0,0,0
15897,positive,5,1,1,1,1,0,0,0
15969,positive,5,1,0,0,0,0,0,0
15973,positive,5,1,0,0,0,0,0,1
16026,positive,4,1,1,1,1,1,0,0
16090,positive,5,0,0,0,1,1,0,0
16120,negative,2,0,0,1,0,0,0,0
16131,neutral,3,0,0,1,1,1,0,1
16136,positive,5,1,0,1,1,1,0,0
16143,positive,5,1,1,1,1,0,0,0
16147,negative,1,1,0,1,0,0,0,0
16165,positive,5,1,1,1,1,1,1,0
16221,positive,5,0,0,0,0,0,0,0
16305,negative,1,0,0,0,0,1,1,1
16369,positive,5,1,1,1,1,1,1,0
16395,positive,5,1,0,0,1,0,1,1
16429,negative,1,1,0,0,0,0,1,1
16502,positive,5,1,0,1,1,1,1,1
16509,positive,5,1,1,1,1,1,1,1
16594,positive,5,1,0,1,1,1,1,1
16706,positive,5,1,0,0,1,1,0,0
16806,positive,4,1,1,0,1,1,0,0
16836,positive,5,1,1,0,1,0,0,0
16838,neutral,3,1,1,0,1,1,0,0
16893,neutral,3,0,1,1,1,1,0,1
16916,positive,5,1,1,1,1,0,0,0
16919,positive,5,1,1,0,1,1,0,0
16935,positive,4,0,0,1,1,0,1,0
16967,positive,5,1,1,1,1,0,0,0
16975,positive,5,1,0,0,0,0,0,0
17002,negative,1,0,0,1,0,0,1,0
17009,negative,1,1,0,0,0,0,0,0
17030,positive,4,1,1,0,1,1,0,0
17054,positive,4,1,1,1,1,0,0,0
17122,positive,5,1,1,1,1,0,0,0
17186,neutral,3,1,0,0,0,0,1,0
17233,neutral,3,0,0,0,0,0,0,0
17249,positive,5,1,1,1,1,1,0,0
17278,positive,4,1,1,1,1,1,0,1
17290,positive,4,1,1,1,1,1,1,1
17293,positive,5,0,1,0,1,0,0,0
17298,positive,5,1,1,1,1,1,0,0
17328,negative,1,1,0,0,0,0,0,0
17401,positive,4,1,0,0,0,0,0,0
17454,positive,4,1,1,1,1,1,0,0
17491,positive,5,1,1,1,1,1,1,0
17546,positive,4,1,1,0,1,1,1,0
17556,positive,4,1,1,1,1,1,1,0
17624,negative,2,1,0,0,1,0,1,0
17720,negative,1,1,1,1,0,1,1,0
17753,positive,5,1,1,1,1,1,0,0
17754,positive,4,0,1,0,1,0,0,0
17759,positive,5,1,0,0,0,0,1,0
17772,positive,5,0,0,1,0,0,1,0
17820,positive,4,1,1,1,1,0,1,0
17849,neutral,3,0,0,0,1,1,0,0
17962,negative,1,1,0,0,0,0,0,0
17986,positive,5,0,0,1,1,1,0,0
18003,positive,4,0,1,1,1,1,1,1
18009,negative,1,0,0,0,0,0,1,0
18049,negative,1,0,0,0,0,0,0,1
18061,positive,4,1,1,1,1,1,0,1
18109,negative,1,1,0,0,0,1,0,0
18115,positive,4.5,0,1,0,1,0,0,0
18121,positive,4,1,0,0,0,0,0,0
18158,negative,1,1,0,0,0,0,0,0
18187,negative,1,1,0,0,1,0,0,0
18194,negative,1,1,0,0,0,0,0,0
18226,positive,5,1,0,0,0,0,0,0
18233,neutral,0,0,0,0,0,0,0,0
18239,negative,1,0,0,0,1,1,0,1
18285,negative,1,1,0,0,0,0,0,0
18288,positive,4,1,1,1,1,1,0,1
18294,positive,5,1,0,0,1,0,0,0
18325,positive,5,1,0,0,1,1,0,1
18334,positive,5,1,1,1,1,1,0,1
18400,negative,1,1,0,0,0,0,0,1
18409,positive,5,1,0,1,1,1,0,0
18459,positive,5,1,1,1,1,1,1,0
18461,positive,4,0,0,1,1,0,0,0
18507,negative,1,1,1,1,0,0,0,0
18516,positive,5,0,0,1,1,1,0,1
18586,positive,4,1,0,1,1,1,1,0
18589,positive,5,1,0,1,1,1,0,0
18654,negative,1,1,0,0,0,0,0,0
18683,positive,5,0,0,1,1,0,0,0
18745,negative,1,1,1,0,1,1,0,0
18810,positive,4,0,1,1,1,1,0,0
18867,positive,5,1,1,1,1,0,1,0
18883,negative,1,1,0,0,0,0,0,0
18929,positive,4,0,1,1,0,1,0,1
18962,positive,4,0,0,1,1,1,0,1
18988,negative,1,1,0,0,1,1,1,1
18994,negative,1,1,0,0,0,1,1,1
19022,negative,1,1,0,0,0,0,0,0
19029,negative,1,0,0,0,0,0,0,0
19080,positive,4,1,0,1,0,0,1,0
19091,negative,1,1,0,0,0,0,0,0
19112,positive,4,0,0,1,0,1,0,0
19119,positive,4,1,1,1,1,1,0,1
19178,positive,5,0,0,1,1,1,0,1
19183,positive,5,0,0,1,1,0,0,0
19236,negative,1,0,0,0,0,0,0,0
19262,positive,4,0,1,1,1,1,1,1
19302,negative,1,0,0,0,0,0,0,0
19303,positive,5,1,1,1,1,1,0,1
19336,negative,2,0,0,0,0,0,1,0
19357,negative,1,1,0,0,0,1,1,1
19395,positive,3.5,0,0,1,1,1,0,0
19421,negative,1,1,0,0,0,0,0,0
19518,positive,5,0,0,1,0,0,1,0
19525,negative,1,1,0,0,0,0,0,0
19552,positive,4,0,1,1,1,1,1,1
19636,negative,1,1,0,0,0,0,0,0
19679,negative,2,1,0,1,0,0,0,0
19684,positive,4,1,1,1,1,1,1,0
19712,positive,4,1,0,0,1,0,1,0
19734,positive,4,1,0,1,1,0,1,0
19776,negative,2,1,0,1,1,1,0,1
19793,positive,4,0,0,1,0,0,1,0
19807,positive,5,1,1,0,0,1,1,0
19821,positive,4,1,1,1,1,0,1,0
19828,negative,1,1,0,0,0,0,0,1
19860,negative,1,1,0,0,0,1,1,0
19864,positive,4,1,0,0,0,0,0,0
19871,negative,1,1,0,0,0,0,0,0
19893,positive,5,0,1,1,1,1,0,0
19914,positive,4,0,0,1,1,0,1,1
19921,negative,1,1,1,0,1,1,1,0
19928,negative,1,1,0,0,0,0,0,0
20018,negative,2,1,0,1,1,1,1,0
20044,positive,5,1,0,0,0,0,0,0
20048,positive,5,1,0,1,1,1,0,0
20084,negative,1,0,0,0,0,0,1,0
20114,positive,4,0,0,0,1,1,0,0
20117,positive,4,0,1,1,1,1,0,1
20161,positive,4,0,0,0,0,0,1,0
20214,negative,1,1,0,0,0,0,0,0
20296,positive,4,1,0,1,1,1,1,0
20330,negative,2,1,1,1,0,1,1,1
20342,positive,4,0,1,1,1,1,1,1
20373,positive,4,0,0,1,1,1,0,1
20394,neutral,3,1,1,0,1,1,0,1
20403,negative,1,1,0,0,1,1,0,1
20461,positive,5,0,0,1,1,1,1,0
20515,positive,4,0,0,1,1,0,0,0
20539,positive,5,0,0,0,1,1,0,0
20581,positive,5,1,1,1,1,1,0,0
20593,positive,4,0,0,1,1,0,1,1
20614,positive,4,0,0,1,1,0,1,1
20702,positive,5,0,0,1,1,1,1,1
20719,negative,1,1,0,0,0,1,0,0
20730,positive,5,1,0,1,1,1,1,0
20767,negative,2,0,0,1,0,1,1,0
20817,positive,4,0,1,1,1,0,0,0
20847,positive,5,1,1,1,1,0,1,0
20857,positive,4,1,1,1,1,1,0,0
20892,positive,5,0,1,1,0,0,0,0
20919,positive,5,0,0,1,0,0,0,0
20930,negative,1,1,0,0,0,0,0,0
21026,positive,4,1,1,1,1,1,1,0
21089,positive,4,1,0,1,1,1,0,0
21095,negative,1,1,0,0,0,0,1,1
21106,positive,4,0,1,1,0,0,1,0
21123,negative,1,1,1,0,0,0,1,1
21145,negative,1,0,0,1,0,0,0,0
21211,positive,5,1,0,1,0,0,1,0
21255,positive,5,0,0,1,0,0,0,0
21278,negative,1,1,0,1,0,0,0,0
21343,positive,4,0,1,1,0,0,1,1
21365,positive,5,1,1,1,1,0,0,1
21388,negative,2,1,1,1,0,0,1,0
21406,positive,5,1,1,1,1,1,1,0
21414,negative,1,1,0,0,0,0,0,0
21417,positive,4,1,1,1,1,1,1,1
21418,negative,2,1,1,0,1,1,0,0
21422,negative,1,1,0,0,0,0,0,0
21467,negative,1,1,0,0,0,0,0,0
21481,negative,1,1,0,0,0,0,0,0
21483,negative,1,1,0,0,0,0,0,0
21507,neutral,3,0,0,0,1,1,0,0
21553,positive,5,0,1,1,1,1,0,1
21554,positive,5,0,1,0,0,0,0,0
21599,positive,4,0,0,1,1,0,1,0
21636,positive,4,1,1,0,0,0,0,0
21688,negative,1,0,0,0,1,0,0,0
21694,negative,0,1,0,0,0,0,0,0
21709,positive,5,0,1,1,1,1,1,1
21755,positive,5,0,1,1,1,0,0,0
21758,positive,5,1,1,1,1,0,1,1
21778,positive,4,1,1,1,0,0,0,0
21798,positive,4,1,1,1,0,0,1,0
21894,positive,5,0,1,0,0,0,0,0
21920,positive,5,0,1,1,0,0,0,0
21924,negative,1,1,0,0,0,0,0,0
21951,positive,5,0,0,0,0,0,0,0
22021,neutral,3,0,1,1,1,0,1,0
22043,positive,5,0,1,1,1,0,1,0
22055,positive,4,0,1,1,0,0,1,0
22097,positive,4,1,1,0,1,0,1,0
22109,positive,4,1,0,1,1,0,1,0
22160,positive,5,1,1,1,1,1,1,0
22165,positive,5,1,1,1,1,1,1,0
22178,positive,5,0,1,1,1,1,1,0
22236,positive,5,0,1,1,1,0,1,0
22328,positive,5,0,1,1,1,0,1,0
22363,positive,4,0,1,1,1,0,1,0
22367,neutral,3,0,1,0,1,0,1,0
22388,positive,4,1,1,1,0,0,0,0
22403,negative,1,1,0,0,0,0,0,0
22405,positive,4,1,1,0,1,1,1,0
22429,positive,4,0,1,0,1,0,0,0
22464,positive,5,0,1,1,1,0,1,0
22533,positive,4,1,0,0,1,1,1,0
22570,positive,5,1,0,0,1,1,0,0
22620,positive,5,1,0,0,1,1,1,0
22633,positive,5,1,0,0,1,0,1,0
22691,positive,5,1,0,0,1,0,0,0
22764,neutral,3,1,0,1,1,0,0,0
22785,positive,4,0,0,1,1,1,0,0
22810,negative,1,0,0,0,1,1,0,1
22831,positive,4,0,0,1,1,1,0,1
22843,positive,4,0,1,1,1,1,1,0
22857,positive,5,1,0,1,1,1,0,0
22876,positive,5,0,0,1,0,1,0,1
22907,positive,4,1,1,1,1,1,1,1
22920,positive,5,1,0,1,1,1,0,1
22923,positive,5,1,1,1,1,1,0,1
22937,positive,5,0,0,1,1,1,0,1
22950,positive,5,0,1,1,1,1,0,1
22985,negative,1,1,0,0,0,0,0,0
23041,negative,1,0,0,0,0,0,0,0
23089,positive,4,1,0,1,1,0,0,0
23124,positive,5,0,0,1,0,0,0,0
23183,positive,4,0,0,1,1,0,1,0
23187,negative,1,0,0,0,0,0,0,0
23276,positive,4.5,1,1,1,1,1,1,0
23310,negative,1,0,0,0,0,0,0,1
23353,positive,5,0,0,1,1,1,0,1
23364,positive,4,1,1,1,1,1,1,0
23373,positive,5,0,1,1,1,1,1,1
23392,positive,5,1,0,0,1,0,0,0
23420,negative,1,1,0,0,0,0,0,1
23427,positive,4,1,0,1,1,0,0,0
23439,positive,4,1,0,1,1,1,1,1
23442,positive,5,1,0,0,0,0,1,0
23444,negative,1,1,0,1,0,0,0,1
23458,negative,1,0,0,1,0,0,1,0
23481,positive,4,1,1,1,1,1,1,1
23492,positive,5,1,0,0,0,0,0,0
23503,positive,5,1,0,1,1,0,1,0
23538,positive,5,0,1,1,1,1,1,0
23575,positive,4,1,0,0,0,0,0,0
23577,negative,1,1,0,0,0,0,0,0
23593,neutral,3,0,0,1,0,0,1,0
23597,neutral,3,1,0,0,0,0,1,0
23627,positive,4,1,0,1,1,0,1,0
23674,negative,1,1,0,0,0,0,0,0
23807,positive,5,0,0,1,1,1,1,1
23889,positive,5,0,0,1,0,0,0,0
23947,positive,4,0,0,0,0,0,1,0
23948,negative,1,1,0,0,0,0,0,0
23951,negative,1,1,0,0,0,0,0,0
23952,positive,4,0,1,1,1,1,1,0
23962,positive,4,0,0,0,0,1,0,1
23994,negative,1,1,0,0,0,0,0,0
24005,negative,1,1,0,0,0,0,0,0
24039,positive,4,0,1,1,1,1,1,0
24085,positive,4,0,0,1,1,1,1,0
24173,positive,4,0,1,0,1,1,1,1
24175,positive,5,0,0,0,0,0,0,0
24302,neutral,3,1,1,1,1,0,1,0
24318,positive,4,1,1,1,0,0,0,0
24340,positive,4,1,1,1,1,0,0,0
24373,positive,4,1,1,1,1,0,1,0
24421,positive,5,1,1,1,1,0,1,0
24432,positive,4.5,1,1,1,1,0,1,0
24488,positive,5,1,0,1,0,0,0,0
24501,positive,5,1,0,1,1,0,1,0
24526,positive,5,1,0,0,0,0,0,0
24530,negative,1,0,0,0,0,0,0,0
24621,positive,4,1,0,0,0,0,0,0
24641,positive,4,1,1,0,0,0,1,0
24700,positive,4,1,0,0,0,0,1,0
24770,positive,5,1,0,1,0,0,1,0
24814,positive,4,1,0,0,0,0,0,0
24853,negative,1,1,0,0,0,0,0,1
24867,positive,4,1,0,1,1,1,1,0
24922,negative,1,0,0,0,0,0,0,0
24964,negative,1,1,0,1,0,0,0,0
24997,positive,5,0,0,0,0,0,0,0
25054,positive,5,1,0,1,1,0,0,0
25059,positive,4,1,1,1,0,0,1,0
25109,negative,2,1,0,0,0,0,1,0
25161,positive,5,0,0,0,0,0,0,0
25193,positive,4,1,1,0,0,0,1,0
25195,positive,5,1,1,1,0,0,1,0
25205,positive,4,1,1,1,1,1,0,0
25217,positive,5,1,0,1,1,0,0,0
25224,neutral,3,1,0,1,0,1,0,0
25237,positive,4,1,0,1,1,0,0,0
25299,negative,2,0,0,1,0,0,0,0
25309,positive,4,1,0,1,0,1,0,0
25371,positive,4,1,0,1,1,1,0,0
25373,positive,4,0,0,1,1,0,0,0
25381,positive,5,0,0,1,0,0,0,0
25457,positive,4,1,0,0,0,0,0,0
25486,negative,1,0,0,0,0,0,0,0
25529,positive,5,1,0,0,0,0,0,1
25530,positive,4,0,0,1,1,1,0,0
25553,positive,5,0,0,0,0,0,0,0
25567,positive,5,0,0,1,0,0,0,0
25570,positive,4,0,0,1,0,1,0,0
25573,positive,4,0,0,1,0,1,0,0
25641,positive,5,0,0,1,1,1,0,0
25661,positive,4,1,0,1,1,1,1,0
25663,positive,5,1,0,0,0,0,1,0
25708,positive,5,1,1,1,1,1,1,1
25722,positive,5,0,0,1,0,1,0,0
25748,positive,5,0,0,1,1,0,0,0
25759,positive,5,0,0,1,1,1,0,0
25897,positive,5,1,1,1,1,1,1,0
25916,positive,5,0,0,1,1,1,0,0
25918,positive,5,1,0,0,1,0,1,0
25937,positive,5,0,0,1,0,0,0,0
25941,negative,1,0,0,0,1,0,0,0
25979,positive,5,1,0,1,1,0,1,0
26073,negative,1,0,0,0,0,0,0,0
26090,positive,4,1,0,1,1,0,0,0
26212,positive,4,1,0,0,0,0,0,0
26240,negative,2,1,0,0,0,0,0,0
26360,positive,5,0,1,1,1,1,0,1
26366,positive,5,0,1,0,0,0,0,0
26377,negative,1,0,1,0,0,1,0,1
26389,positive,5,0,0,0,0,0,0,0
26396,positive,5,0,1,1,1,1,1,1
26404,neutral,3,0,0,1,0,0,0,0
26415,negative,2,0,0,0,0,1,0,0
26417,positive,4,1,1,1,1,1,1,0
26442,negative,1,1,0,0,0,0,0,0
26466,neutral,3,0,0,0,0,0,0,0
26496,positive,5,0,0,0,0,0,0,0
26544,negative,2,1,1,0,1,1,0,0
26548,positive,4,0,1,1,1,1,0,1
26555,negative,2.5,1,0,1,1,1,0,1
26563,negative,2,0,0,1,0,1,0,1
26566,negative,2,1,0,1,1,1,0,1
26574,negative,1,1,0,0,1,0,0,1
26608,negative,1,1,0,1,0,0,0,1
26621,positive,5,1,1,1,1,1,0,1
26635,neutral,3,0,0,0,0,0,0,0
26639,negative,1,1,0,0,0,0,0,0
26701,negative,1,1,0,0,0,0,0,0
26757,negative,2,1,0,0,0,0,1,0
26832,positive,4,1,0,0,0,0,0,0
26844,neutral,3,1,0,1,0,1,1,0
26851,positive,5,1,0,0,0,0,0,0
26897,negative,1,0,0,0,0,1,0,0
26900,positive,4,1,1,1,1,1,0,0
26911,positive,4.5,0,1,1,1,1,0,0
27039,positive,4,1,1,1,1,1,0,0
27094,positive,5,1,0,1,0,0,1,0
27120,positive,5,1,1,1,1,1,1,0
27173,negative,1,1,0,0,0,0,0,0
27175,negative,1,0,0,0,0,0,0,1
27198,positive,5,0,0,1,1,1,0,0
27213,positive,4,1,0,1,0,0,0,0
27226,neutral,3,1,0,1,0,0,1,0
27256,positive,5,1,0,1,1,0,0,0
27280,positive,4,1,1,1,1,1,0,0
27302,negative,1,0,0,0,0,0,0,0
27309,positive,4,1,1,1,1,0,0,0
27317,negative,1,1,1,0,1,0,0,0
27323,positive,4,1,0,1,0,0,1,0
27325,negative,2,1,0,0,0,0,0,0
27357,positive,4,1,0,1,1,1,0,0
27358,positive,4,1,1,1,1,0,0,1
27361,positive,4,0,0,1,1,1,0,0
27375,negative,2,0,0,1,0,0,0,0
27401,positive,4,0,0,1,0,0,0,0
27413,positive,4,1,0,1,0,0,1,0
27434,positive,4,1,0,1,0,0,0,0
27445,positive,5,1,0,1,0,0,1,0
27467,positive,5,1,0,0,0,0,0,0
27475,positive,4,0,0,1,0,1,1,1
27481,negative,2,0,0,0,0,0,0,0
27522,positive,5,1,0,1,0,0,0,0
27553,positive,4,1,1,1,0,0,1,0
27573,positive,4,1,0,1,1,0,1,0
27599,positive,4,1,0,0,0,0,0,0
27604,negative,1,1,0,0,0,0,0,0
27627,positive,4,1,1,1,1,1,0,1
27649,positive,4,1,0,1,0,0,0,0
27795,positive,4,1,0,1,0,0,0,0
27848,positive,5,1,0,1,0,0,1,0
27867,positive,5,1,0,1,0,0,1,0
27875,positive,4,0,1,1,0,0,1,0
27932,positive,5,1,1,1,1,1,1,1
27941,positive,5,1,1,1,1,1,1,1
27977,negative,1,1,0,0,0,0,0,0
27984,positive,4,0,0,0,0,1,0,1
27987,negative,1,0,1,0,1,1,0,0
28031,negative,1,0,0,1,1,1,0,1
28048,positive,4,1,1,0,1,1,0,1
28062,positive,4,1,1,1,1,1,1,0
28129,positive,5,0,0,1,1,0,0,0
28135,positive,5,0,0,1,1,0,0,0
28178,positive,5,0,0,1,1,0,0,0
28186,positive,5,0,0,1,1,0,0,0
28196,positive,5,0,0,1,1,0,0,0
28202,negative,1,1,1,0,0,1,0,0
28233,negative,1,1,0,0,0,0,0,1
28258,negative,1,1,1,0,0,1,0,1
28306,negative,1,1,0,0,0,0,0,0
28401,positive,4,1,0,0,1,0,0,0
28434,positive,4,1,0,0,0,0,0,1
28440,positive,5,1,1,0,0,0,0,0
28445,positive,5,1,1,1,1,1,1,0
28446,positive,4,1,1,1,1,1,0,0
28485,positive,4.5,1,0,0,0,0,0,0
28490,negative,1,1,0,0,0,0,0,0
28505,positive,5,1,1,1,1,0,0,0
28512,negative,1,1,0,0,0,0,0,1
28514,positive,4,1,1,1,1,0,1,0
28532,neutral,3,1,1,1,1,1,0,0
28539,negative,1,0,0,0,0,0,0,0
28543,positive,4,0,1,1,1,1,0,0
28614,positive,4,0,1,0,1,1,0,0
28622,positive,5,1,1,1,1,0,0,0
28632,positive,4,0,1,0,1,1,1,0
28639,neutral,3,1,0,0,0,0,0,0
28812,negative,1,1,0,1,0,0,0,0
28813,positive,4.5,0,1,1,1,1,0,0
28822,positive,4.5,0,0,1,1,1,1,1
28840,positive,4,0,0,1,1,1,1,0
28851,positive,4,0,1,1,1,1,1,1
28877,positive,4,1,1,1,1,1,1,0
28915,positive,5,0,0,1,1,1,1,0
28938,neutral,3,1,1,1,1,1,1,1
28948,positive,5,1,1,1,1,1,0,0
28964,negative,1,0,0,1,0,0,1,0
29045,positive,4,1,1,1,1,1,1,0
29070,positive,4,0,1,1,1,1,0,0
29087,positive,5,1,1,1,1,1,1,0
29091,negative,1,1,0,0,1,1,0,1
29100,positive,5,1,1,0,1,1,1,0
29111,positive,4,1,1,1,1,1,0,0
29141,positive,4,0,1,0,1,1,0,0
29162,positive,4,1,1,1,1,1,0,0
29180,positive,5,1,1,0,0,0,0,0
29206,positive,4,1,1,1,1,1,1,0
29210,positive,5,1,1,1,1,1,0,0
29231,neutral,3,1,0,1,1,0,1,0
29251,positive,4,0,0,1,1,1,0,0
29278,positive,5,1,0,1,1,0,0,0
29302,positive,5,0,0,1,1,1,0,1
29307,positive,5,1,0,1,1,1,0,1
29324,positive,5,1,1,1,1,1,0,1
29336,positive,4.5,1,0,0,1,1,0,0
29348,neutral,3,0,0,1,1,1,1,1
29372,negative,1,0,0,0,0,0,1,0
29386,positive,5,1,0,1,1,1,1,0
29387,positive,4.5,1,0,1,1,1,1,1
29427,positive,5,1,1,1,1,1,1,1
29448,positive,4,0,1,1,1,1,1,1
29449,positive,5,0,1,1,1,1,1,1
29484,negative,1,1,0,1,0,1,1,0
29563,negative,1,0,0,0,0,0,0,0
29603,neutral,4,0,1,1,1,1,0,0
29625,positive,4,1,0,0,1,0,0,0
29681,negative,1,1,0,0,0,0,0,0
29719,positive,5,1,0,1,1,1,0,0
29731,positive,4.5,0,0,1,1,0,1,0
29802,neutral,3,0,0,0,0,0,0,0
29804,positive,5,1,0,1,1,1,0,0
29810,negative,1,1,0,0,1,0,0,0
29816,positive,5,1,1,1,1,1,1,0
29841,positive,4,1,0,1,1,0,1,0
29883,positive,4,1,0,1,1,0,1,0
29890,positive,4,1,0,1,1,0,1,0
29954,neutral,0,0,0,0,0,0,0,0
